Controller.Micro850.Micro850.__SYSVA_ABORT_CYCLE	
Controller.Micro850.Micro850.__SYSVA_CCEXEC	
Controller.Micro850.Micro850.__SYSVA_CYCLECNT	
Controller.Micro850.Micro850.__SYSVA_CYCLEDATE	
Controller.Micro850.Micro850.__SYSVA_FIRST_SCAN	
Controller.Micro850.Micro850.__SYSVA_KVBCERR	
Controller.Micro850.Micro850.__SYSVA_KVBPERR	
Controller.Micro850.Micro850.__SYSVA_MAJ_ERR_HALT	
Controller.Micro850.Micro850.__SYSVA_POWERUP_BIT	
Controller.Micro850.Micro850.__SYSVA_PROJ_INCOMPLETE	
Controller.Micro850.Micro850.__SYSVA_REMOTE	
Controller.Micro850.Micro850.__SYSVA_RESMODE	
Controller.Micro850.Micro850.__SYSVA_RESNAME	
Controller.Micro850.Micro850.__SYSVA_SCANCNT	
Controller.Micro850.Micro850.__SYSVA_SUSPEND_ID	
Controller.Micro850.Micro850.__SYSVA_TCYCURRENT	
Controller.Micro850.Micro850.__SYSVA_TCYCYCTIME	
Controller.Micro850.Micro850.__SYSVA_TCYMAXIMUM	
Controller.Micro850.Micro850.__SYSVA_TCYOVERFLOW	
Controller.Micro850.Micro850.__SYSVA_TCYWDG	
Controller.Micro850.Micro850.__SYSVA_USER_DATA_LOST	
Controller.Micro850.Micro850._IO_EM_DI_00	
Controller.Micro850.Micro850._IO_EM_DI_01	
Controller.Micro850.Micro850._IO_EM_DI_02	
Controller.Micro850.Micro850._IO_EM_DI_03	
Controller.Micro850.Micro850._IO_EM_DI_04	
Controller.Micro850.Micro850._IO_EM_DI_05	
Controller.Micro850.Micro850._IO_EM_DI_06	
Controller.Micro850.Micro850._IO_EM_DI_07	
Controller.Micro850.Micro850._IO_EM_DI_08	
Controller.Micro850.Micro850._IO_EM_DI_09	
Controller.Micro850.Micro850._IO_EM_DI_10	
Controller.Micro850.Micro850._IO_EM_DI_11	
Controller.Micro850.Micro850._IO_EM_DI_12	
Controller.Micro850.Micro850._IO_EM_DI_13	
Controller.Micro850.Micro850._IO_EM_DI_14	
Controller.Micro850.Micro850._IO_EM_DI_15	
Controller.Micro850.Micro850._IO_EM_DI_16	
Controller.Micro850.Micro850._IO_EM_DI_17	
Controller.Micro850.Micro850._IO_EM_DI_18	
Controller.Micro850.Micro850._IO_EM_DI_19	
Controller.Micro850.Micro850._IO_EM_DI_20	
Controller.Micro850.Micro850._IO_EM_DI_21	
Controller.Micro850.Micro850._IO_EM_DI_22	
Controller.Micro850.Micro850._IO_EM_DI_23	
Controller.Micro850.Micro850._IO_EM_DI_24	
Controller.Micro850.Micro850._IO_EM_DI_25	
Controller.Micro850.Micro850._IO_EM_DI_26	
Controller.Micro850.Micro850._IO_EM_DI_27	
Controller.Micro850.Micro850._IO_EM_DO_00	
Controller.Micro850.Micro850._IO_EM_DO_01	
Controller.Micro850.Micro850._IO_EM_DO_02	
Controller.Micro850.Micro850._IO_EM_DO_03	
Controller.Micro850.Micro850._IO_EM_DO_04	
Controller.Micro850.Micro850._IO_EM_DO_05	
Controller.Micro850.Micro850._IO_EM_DO_06	
Controller.Micro850.Micro850._IO_EM_DO_07	
Controller.Micro850.Micro850._IO_EM_DO_08	
Controller.Micro850.Micro850._IO_EM_DO_09	
Controller.Micro850.Micro850._IO_EM_DO_10	
Controller.Micro850.Micro850._IO_EM_DO_11	
Controller.Micro850.Micro850._IO_EM_DO_12	
Controller.Micro850.Micro850._IO_EM_DO_13	
Controller.Micro850.Micro850._IO_EM_DO_14	
Controller.Micro850.Micro850._IO_EM_DO_15	
Controller.Micro850.Micro850._IO_EM_DO_16	
Controller.Micro850.Micro850._IO_EM_DO_17	
Controller.Micro850.Micro850._IO_EM_DO_18	
Controller.Micro850.Micro850._IO_EM_DO_19	
Controller.Micro850.Micro850.G_MOTOR_2_POS	
Controller.Micro850.Micro850.G_MOTOR_3_POS	
Controller.Micro850.Micro850.G_MOTOR_4_POS	
Controller.Micro850.Micro850.G_MOTOR_5_POS	
Controller.Micro850.Micro850.G_MOTOR_6_POS	
Controller.Micro850.Micro850.G_MOTOR_CTL_SPEED_TIME	
Controller.Micro850.Micro850.G_PAW_MOTOR_ID	
Controller.Micro850.Micro850.G_UPM_SERIAL_CHANNEL	
Controller.Micro850.Micro850.Test.B_ENABLE_PAW_TEST	
Controller.Micro850.Micro850.Test.B_EXEC	
Controller.Micro850.Micro850.Test.B_PAW_EXEC	
Controller.Micro850.Micro850.Test.B_PAW_OPENED	
Controller.Micro850.Micro850.Test.FB_CTL_MOTORS_EXCEPT_PAW_1.FB_CTL_MOTORS_1.AWT_1.__ADI_Source	
Controller.Micro850.Micro850.Test.FB_CTL_MOTORS_EXCEPT_PAW_1.FB_CTL_MOTORS_1.AWT_1.AWTInput.Cancel	
Controller.Micro850.Micro850.Test.FB_CTL_MOTORS_EXCEPT_PAW_1.FB_CTL_MOTORS_1.AWT_1.AWTInput.Channel	
Controller.Micro850.Micro850.Test.FB_CTL_MOTORS_EXCEPT_PAW_1.FB_CTL_MOTORS_1.AWT_1.AWTInput.Length	
Controller.Micro850.Micro850.Test.FB_CTL_MOTORS_EXCEPT_PAW_1.FB_CTL_MOTORS_1.AWT_1.controlbit	
Controller.Micro850.Micro850.Test.FB_CTL_MOTORS_EXCEPT_PAW_1.FB_CTL_MOTORS_1.AWT_1.Error	
Controller.Micro850.Micro850.Test.FB_CTL_MOTORS_EXCEPT_PAW_1.FB_CTL_MOTORS_1.AWT_1.ErrorID	
Controller.Micro850.Micro850.Test.FB_CTL_MOTORS_EXCEPT_PAW_1.FB_CTL_MOTORS_1.AWT_1.IN	
Controller.Micro850.Micro850.Test.FB_CTL_MOTORS_EXCEPT_PAW_1.FB_CTL_MOTORS_1.AWT_1.NumChar	
Controller.Micro850.Micro850.Test.FB_CTL_MOTORS_EXCEPT_PAW_1.FB_CTL_MOTORS_1.AWT_1.Q	
Controller.Micro850.Micro850.Test.FB_CTL_MOTORS_EXCEPT_PAW_1.FB_CTL_MOTORS_1.AWT_1.Source[1]	
Controller.Micro850.Micro850.Test.FB_CTL_MOTORS_EXCEPT_PAW_1.FB_CTL_MOTORS_1.AWT_1.Source[10]	
Controller.Micro850.Micro850.Test.FB_CTL_MOTORS_EXCEPT_PAW_1.FB_CTL_MOTORS_1.AWT_1.Source[11]	
Controller.Micro850.Micro850.Test.FB_CTL_MOTORS_EXCEPT_PAW_1.FB_CTL_MOTORS_1.AWT_1.Source[12]	
Controller.Micro850.Micro850.Test.FB_CTL_MOTORS_EXCEPT_PAW_1.FB_CTL_MOTORS_1.AWT_1.Source[13]	
Controller.Micro850.Micro850.Test.FB_CTL_MOTORS_EXCEPT_PAW_1.FB_CTL_MOTORS_1.AWT_1.Source[14]	
Controller.Micro850.Micro850.Test.FB_CTL_MOTORS_EXCEPT_PAW_1.FB_CTL_MOTORS_1.AWT_1.Source[15]	
Controller.Micro850.Micro850.Test.FB_CTL_MOTORS_EXCEPT_PAW_1.FB_CTL_MOTORS_1.AWT_1.Source[16]	
Controller.Micro850.Micro850.Test.FB_CTL_MOTORS_EXCEPT_PAW_1.FB_CTL_MOTORS_1.AWT_1.Source[17]	
Controller.Micro850.Micro850.Test.FB_CTL_MOTORS_EXCEPT_PAW_1.FB_CTL_MOTORS_1.AWT_1.Source[18]	
Controller.Micro850.Micro850.Test.FB_CTL_MOTORS_EXCEPT_PAW_1.FB_CTL_MOTORS_1.AWT_1.Source[19]	
Controller.Micro850.Micro850.Test.FB_CTL_MOTORS_EXCEPT_PAW_1.FB_CTL_MOTORS_1.AWT_1.Source[2]	
Controller.Micro850.Micro850.Test.FB_CTL_MOTORS_EXCEPT_PAW_1.FB_CTL_MOTORS_1.AWT_1.Source[20]	
Controller.Micro850.Micro850.Test.FB_CTL_MOTORS_EXCEPT_PAW_1.FB_CTL_MOTORS_1.AWT_1.Source[21]	
Controller.Micro850.Micro850.Test.FB_CTL_MOTORS_EXCEPT_PAW_1.FB_CTL_MOTORS_1.AWT_1.Source[22]	
Controller.Micro850.Micro850.Test.FB_CTL_MOTORS_EXCEPT_PAW_1.FB_CTL_MOTORS_1.AWT_1.Source[23]	
Controller.Micro850.Micro850.Test.FB_CTL_MOTORS_EXCEPT_PAW_1.FB_CTL_MOTORS_1.AWT_1.Source[24]	
Controller.Micro850.Micro850.Test.FB_CTL_MOTORS_EXCEPT_PAW_1.FB_CTL_MOTORS_1.AWT_1.Source[25]	
Controller.Micro850.Micro850.Test.FB_CTL_MOTORS_EXCEPT_PAW_1.FB_CTL_MOTORS_1.AWT_1.Source[26]	
Controller.Micro850.Micro850.Test.FB_CTL_MOTORS_EXCEPT_PAW_1.FB_CTL_MOTORS_1.AWT_1.Source[27]	
Controller.Micro850.Micro850.Test.FB_CTL_MOTORS_EXCEPT_PAW_1.FB_CTL_MOTORS_1.AWT_1.Source[28]	
Controller.Micro850.Micro850.Test.FB_CTL_MOTORS_EXCEPT_PAW_1.FB_CTL_MOTORS_1.AWT_1.Source[29]	
Controller.Micro850.Micro850.Test.FB_CTL_MOTORS_EXCEPT_PAW_1.FB_CTL_MOTORS_1.AWT_1.Source[3]	
Controller.Micro850.Micro850.Test.FB_CTL_MOTORS_EXCEPT_PAW_1.FB_CTL_MOTORS_1.AWT_1.Source[30]	
Controller.Micro850.Micro850.Test.FB_CTL_MOTORS_EXCEPT_PAW_1.FB_CTL_MOTORS_1.AWT_1.Source[31]	
Controller.Micro850.Micro850.Test.FB_CTL_MOTORS_EXCEPT_PAW_1.FB_CTL_MOTORS_1.AWT_1.Source[32]	
Controller.Micro850.Micro850.Test.FB_CTL_MOTORS_EXCEPT_PAW_1.FB_CTL_MOTORS_1.AWT_1.Source[33]	
Controller.Micro850.Micro850.Test.FB_CTL_MOTORS_EXCEPT_PAW_1.FB_CTL_MOTORS_1.AWT_1.Source[34]	
Controller.Micro850.Micro850.Test.FB_CTL_MOTORS_EXCEPT_PAW_1.FB_CTL_MOTORS_1.AWT_1.Source[35]	
Controller.Micro850.Micro850.Test.FB_CTL_MOTORS_EXCEPT_PAW_1.FB_CTL_MOTORS_1.AWT_1.Source[36]	
Controller.Micro850.Micro850.Test.FB_CTL_MOTORS_EXCEPT_PAW_1.FB_CTL_MOTORS_1.AWT_1.Source[37]	
Controller.Micro850.Micro850.Test.FB_CTL_MOTORS_EXCEPT_PAW_1.FB_CTL_MOTORS_1.AWT_1.Source[38]	
Controller.Micro850.Micro850.Test.FB_CTL_MOTORS_EXCEPT_PAW_1.FB_CTL_MOTORS_1.AWT_1.Source[39]	
Controller.Micro850.Micro850.Test.FB_CTL_MOTORS_EXCEPT_PAW_1.FB_CTL_MOTORS_1.AWT_1.Source[4]	
Controller.Micro850.Micro850.Test.FB_CTL_MOTORS_EXCEPT_PAW_1.FB_CTL_MOTORS_1.AWT_1.Source[40]	
Controller.Micro850.Micro850.Test.FB_CTL_MOTORS_EXCEPT_PAW_1.FB_CTL_MOTORS_1.AWT_1.Source[41]	
Controller.Micro850.Micro850.Test.FB_CTL_MOTORS_EXCEPT_PAW_1.FB_CTL_MOTORS_1.AWT_1.Source[42]	
Controller.Micro850.Micro850.Test.FB_CTL_MOTORS_EXCEPT_PAW_1.FB_CTL_MOTORS_1.AWT_1.Source[43]	
Controller.Micro850.Micro850.Test.FB_CTL_MOTORS_EXCEPT_PAW_1.FB_CTL_MOTORS_1.AWT_1.Source[44]	
Controller.Micro850.Micro850.Test.FB_CTL_MOTORS_EXCEPT_PAW_1.FB_CTL_MOTORS_1.AWT_1.Source[45]	
Controller.Micro850.Micro850.Test.FB_CTL_MOTORS_EXCEPT_PAW_1.FB_CTL_MOTORS_1.AWT_1.Source[46]	
Controller.Micro850.Micro850.Test.FB_CTL_MOTORS_EXCEPT_PAW_1.FB_CTL_MOTORS_1.AWT_1.Source[47]	
Controller.Micro850.Micro850.Test.FB_CTL_MOTORS_EXCEPT_PAW_1.FB_CTL_MOTORS_1.AWT_1.Source[48]	
Controller.Micro850.Micro850.Test.FB_CTL_MOTORS_EXCEPT_PAW_1.FB_CTL_MOTORS_1.AWT_1.Source[49]	
Controller.Micro850.Micro850.Test.FB_CTL_MOTORS_EXCEPT_PAW_1.FB_CTL_MOTORS_1.AWT_1.Source[5]	
Controller.Micro850.Micro850.Test.FB_CTL_MOTORS_EXCEPT_PAW_1.FB_CTL_MOTORS_1.AWT_1.Source[50]	
Controller.Micro850.Micro850.Test.FB_CTL_MOTORS_EXCEPT_PAW_1.FB_CTL_MOTORS_1.AWT_1.Source[51]	
Controller.Micro850.Micro850.Test.FB_CTL_MOTORS_EXCEPT_PAW_1.FB_CTL_MOTORS_1.AWT_1.Source[52]	
Controller.Micro850.Micro850.Test.FB_CTL_MOTORS_EXCEPT_PAW_1.FB_CTL_MOTORS_1.AWT_1.Source[53]	
Controller.Micro850.Micro850.Test.FB_CTL_MOTORS_EXCEPT_PAW_1.FB_CTL_MOTORS_1.AWT_1.Source[54]	
Controller.Micro850.Micro850.Test.FB_CTL_MOTORS_EXCEPT_PAW_1.FB_CTL_MOTORS_1.AWT_1.Source[55]	
Controller.Micro850.Micro850.Test.FB_CTL_MOTORS_EXCEPT_PAW_1.FB_CTL_MOTORS_1.AWT_1.Source[56]	
Controller.Micro850.Micro850.Test.FB_CTL_MOTORS_EXCEPT_PAW_1.FB_CTL_MOTORS_1.AWT_1.Source[57]	
Controller.Micro850.Micro850.Test.FB_CTL_MOTORS_EXCEPT_PAW_1.FB_CTL_MOTORS_1.AWT_1.Source[58]	
Controller.Micro850.Micro850.Test.FB_CTL_MOTORS_EXCEPT_PAW_1.FB_CTL_MOTORS_1.AWT_1.Source[59]	
Controller.Micro850.Micro850.Test.FB_CTL_MOTORS_EXCEPT_PAW_1.FB_CTL_MOTORS_1.AWT_1.Source[6]	
Controller.Micro850.Micro850.Test.FB_CTL_MOTORS_EXCEPT_PAW_1.FB_CTL_MOTORS_1.AWT_1.Source[60]	
Controller.Micro850.Micro850.Test.FB_CTL_MOTORS_EXCEPT_PAW_1.FB_CTL_MOTORS_1.AWT_1.Source[61]	
Controller.Micro850.Micro850.Test.FB_CTL_MOTORS_EXCEPT_PAW_1.FB_CTL_MOTORS_1.AWT_1.Source[62]	
Controller.Micro850.Micro850.Test.FB_CTL_MOTORS_EXCEPT_PAW_1.FB_CTL_MOTORS_1.AWT_1.Source[63]	
Controller.Micro850.Micro850.Test.FB_CTL_MOTORS_EXCEPT_PAW_1.FB_CTL_MOTORS_1.AWT_1.Source[64]	
Controller.Micro850.Micro850.Test.FB_CTL_MOTORS_EXCEPT_PAW_1.FB_CTL_MOTORS_1.AWT_1.Source[65]	
Controller.Micro850.Micro850.Test.FB_CTL_MOTORS_EXCEPT_PAW_1.FB_CTL_MOTORS_1.AWT_1.Source[66]	
Controller.Micro850.Micro850.Test.FB_CTL_MOTORS_EXCEPT_PAW_1.FB_CTL_MOTORS_1.AWT_1.Source[67]	
Controller.Micro850.Micro850.Test.FB_CTL_MOTORS_EXCEPT_PAW_1.FB_CTL_MOTORS_1.AWT_1.Source[68]	
Controller.Micro850.Micro850.Test.FB_CTL_MOTORS_EXCEPT_PAW_1.FB_CTL_MOTORS_1.AWT_1.Source[69]	
Controller.Micro850.Micro850.Test.FB_CTL_MOTORS_EXCEPT_PAW_1.FB_CTL_MOTORS_1.AWT_1.Source[7]	
Controller.Micro850.Micro850.Test.FB_CTL_MOTORS_EXCEPT_PAW_1.FB_CTL_MOTORS_1.AWT_1.Source[70]	
Controller.Micro850.Micro850.Test.FB_CTL_MOTORS_EXCEPT_PAW_1.FB_CTL_MOTORS_1.AWT_1.Source[71]	
Controller.Micro850.Micro850.Test.FB_CTL_MOTORS_EXCEPT_PAW_1.FB_CTL_MOTORS_1.AWT_1.Source[72]	
Controller.Micro850.Micro850.Test.FB_CTL_MOTORS_EXCEPT_PAW_1.FB_CTL_MOTORS_1.AWT_1.Source[73]	
Controller.Micro850.Micro850.Test.FB_CTL_MOTORS_EXCEPT_PAW_1.FB_CTL_MOTORS_1.AWT_1.Source[74]	
Controller.Micro850.Micro850.Test.FB_CTL_MOTORS_EXCEPT_PAW_1.FB_CTL_MOTORS_1.AWT_1.Source[75]	
Controller.Micro850.Micro850.Test.FB_CTL_MOTORS_EXCEPT_PAW_1.FB_CTL_MOTORS_1.AWT_1.Source[76]	
Controller.Micro850.Micro850.Test.FB_CTL_MOTORS_EXCEPT_PAW_1.FB_CTL_MOTORS_1.AWT_1.Source[77]	
Controller.Micro850.Micro850.Test.FB_CTL_MOTORS_EXCEPT_PAW_1.FB_CTL_MOTORS_1.AWT_1.Source[78]	
Controller.Micro850.Micro850.Test.FB_CTL_MOTORS_EXCEPT_PAW_1.FB_CTL_MOTORS_1.AWT_1.Source[79]	
Controller.Micro850.Micro850.Test.FB_CTL_MOTORS_EXCEPT_PAW_1.FB_CTL_MOTORS_1.AWT_1.Source[8]	
Controller.Micro850.Micro850.Test.FB_CTL_MOTORS_EXCEPT_PAW_1.FB_CTL_MOTORS_1.AWT_1.Source[80]	
Controller.Micro850.Micro850.Test.FB_CTL_MOTORS_EXCEPT_PAW_1.FB_CTL_MOTORS_1.AWT_1.Source[81]	
Controller.Micro850.Micro850.Test.FB_CTL_MOTORS_EXCEPT_PAW_1.FB_CTL_MOTORS_1.AWT_1.Source[82]	
Controller.Micro850.Micro850.Test.FB_CTL_MOTORS_EXCEPT_PAW_1.FB_CTL_MOTORS_1.AWT_1.Source[9]	
Controller.Micro850.Micro850.Test.FB_CTL_MOTORS_EXCEPT_PAW_1.FB_CTL_MOTORS_1.FB_MOTORS_AWT_CHANNEL	
Controller.Micro850.Micro850.Test.FB_CTL_MOTORS_EXCEPT_PAW_1.FB_CTL_MOTORS_1.FB_MOTORS_NUMBER	
Controller.Micro850.Micro850.Test.FB_CTL_MOTORS_EXCEPT_PAW_1.FB_CTL_MOTORS_1.FB_MOTORS_Q	
Controller.Micro850.Micro850.Test.FB_CTL_MOTORS_EXCEPT_PAW_1.FB_CTL_MOTORS_1.FB_MOTORS_SPEED_TIME	
Controller.Micro850.Micro850.Test.FB_CTL_MOTORS_EXCEPT_PAW_1.FB_CTL_MOTORS_1.LOCAL_AWT_INPUT.Cancel	
Controller.Micro850.Micro850.Test.FB_CTL_MOTORS_EXCEPT_PAW_1.FB_CTL_MOTORS_1.LOCAL_AWT_INPUT.Channel	
Controller.Micro850.Micro850.Test.FB_CTL_MOTORS_EXCEPT_PAW_1.FB_CTL_MOTORS_1.LOCAL_AWT_INPUT.Length	
Controller.Micro850.Micro850.Test.FB_CTL_MOTORS_EXCEPT_PAW_1.FB_CTL_MOTORS_1.LOCAL_I	
Controller.Micro850.Micro850.Test.FB_CTL_MOTORS_EXCEPT_PAW_1.FB_CTL_MOTORS_1.LOCAL_K	
Controller.Micro850.Micro850.Test.FB_CTL_MOTORS_EXCEPT_PAW_1.FB_CTL_MOTORS_1.LOCAL_MOTOR_POS	
Controller.Micro850.Micro850.Test.FB_CTL_MOTORS_EXCEPT_PAW_1.FB_CTL_MOTORS_1.LOCAL_MotorsCtlCmd[1]	
Controller.Micro850.Micro850.Test.FB_CTL_MOTORS_EXCEPT_PAW_1.FB_CTL_MOTORS_1.LOCAL_MotorsCtlCmd[10]	
Controller.Micro850.Micro850.Test.FB_CTL_MOTORS_EXCEPT_PAW_1.FB_CTL_MOTORS_1.LOCAL_MotorsCtlCmd[11]	
Controller.Micro850.Micro850.Test.FB_CTL_MOTORS_EXCEPT_PAW_1.FB_CTL_MOTORS_1.LOCAL_MotorsCtlCmd[12]	
Controller.Micro850.Micro850.Test.FB_CTL_MOTORS_EXCEPT_PAW_1.FB_CTL_MOTORS_1.LOCAL_MotorsCtlCmd[13]	
Controller.Micro850.Micro850.Test.FB_CTL_MOTORS_EXCEPT_PAW_1.FB_CTL_MOTORS_1.LOCAL_MotorsCtlCmd[14]	
Controller.Micro850.Micro850.Test.FB_CTL_MOTORS_EXCEPT_PAW_1.FB_CTL_MOTORS_1.LOCAL_MotorsCtlCmd[15]	
Controller.Micro850.Micro850.Test.FB_CTL_MOTORS_EXCEPT_PAW_1.FB_CTL_MOTORS_1.LOCAL_MotorsCtlCmd[16]	
Controller.Micro850.Micro850.Test.FB_CTL_MOTORS_EXCEPT_PAW_1.FB_CTL_MOTORS_1.LOCAL_MotorsCtlCmd[17]	
Controller.Micro850.Micro850.Test.FB_CTL_MOTORS_EXCEPT_PAW_1.FB_CTL_MOTORS_1.LOCAL_MotorsCtlCmd[18]	
Controller.Micro850.Micro850.Test.FB_CTL_MOTORS_EXCEPT_PAW_1.FB_CTL_MOTORS_1.LOCAL_MotorsCtlCmd[19]	
Controller.Micro850.Micro850.Test.FB_CTL_MOTORS_EXCEPT_PAW_1.FB_CTL_MOTORS_1.LOCAL_MotorsCtlCmd[2]	
Controller.Micro850.Micro850.Test.FB_CTL_MOTORS_EXCEPT_PAW_1.FB_CTL_MOTORS_1.LOCAL_MotorsCtlCmd[20]	
Controller.Micro850.Micro850.Test.FB_CTL_MOTORS_EXCEPT_PAW_1.FB_CTL_MOTORS_1.LOCAL_MotorsCtlCmd[21]	
Controller.Micro850.Micro850.Test.FB_CTL_MOTORS_EXCEPT_PAW_1.FB_CTL_MOTORS_1.LOCAL_MotorsCtlCmd[22]	
Controller.Micro850.Micro850.Test.FB_CTL_MOTORS_EXCEPT_PAW_1.FB_CTL_MOTORS_1.LOCAL_MotorsCtlCmd[23]	
Controller.Micro850.Micro850.Test.FB_CTL_MOTORS_EXCEPT_PAW_1.FB_CTL_MOTORS_1.LOCAL_MotorsCtlCmd[24]	
Controller.Micro850.Micro850.Test.FB_CTL_MOTORS_EXCEPT_PAW_1.FB_CTL_MOTORS_1.LOCAL_MotorsCtlCmd[25]	
Controller.Micro850.Micro850.Test.FB_CTL_MOTORS_EXCEPT_PAW_1.FB_CTL_MOTORS_1.LOCAL_MotorsCtlCmd[26]	
Controller.Micro850.Micro850.Test.FB_CTL_MOTORS_EXCEPT_PAW_1.FB_CTL_MOTORS_1.LOCAL_MotorsCtlCmd[27]	
Controller.Micro850.Micro850.Test.FB_CTL_MOTORS_EXCEPT_PAW_1.FB_CTL_MOTORS_1.LOCAL_MotorsCtlCmd[28]	
Controller.Micro850.Micro850.Test.FB_CTL_MOTORS_EXCEPT_PAW_1.FB_CTL_MOTORS_1.LOCAL_MotorsCtlCmd[29]	
Controller.Micro850.Micro850.Test.FB_CTL_MOTORS_EXCEPT_PAW_1.FB_CTL_MOTORS_1.LOCAL_MotorsCtlCmd[3]	
Controller.Micro850.Micro850.Test.FB_CTL_MOTORS_EXCEPT_PAW_1.FB_CTL_MOTORS_1.LOCAL_MotorsCtlCmd[30]	
Controller.Micro850.Micro850.Test.FB_CTL_MOTORS_EXCEPT_PAW_1.FB_CTL_MOTORS_1.LOCAL_MotorsCtlCmd[31]	
Controller.Micro850.Micro850.Test.FB_CTL_MOTORS_EXCEPT_PAW_1.FB_CTL_MOTORS_1.LOCAL_MotorsCtlCmd[32]	
Controller.Micro850.Micro850.Test.FB_CTL_MOTORS_EXCEPT_PAW_1.FB_CTL_MOTORS_1.LOCAL_MotorsCtlCmd[33]	
Controller.Micro850.Micro850.Test.FB_CTL_MOTORS_EXCEPT_PAW_1.FB_CTL_MOTORS_1.LOCAL_MotorsCtlCmd[34]	
Controller.Micro850.Micro850.Test.FB_CTL_MOTORS_EXCEPT_PAW_1.FB_CTL_MOTORS_1.LOCAL_MotorsCtlCmd[35]	
Controller.Micro850.Micro850.Test.FB_CTL_MOTORS_EXCEPT_PAW_1.FB_CTL_MOTORS_1.LOCAL_MotorsCtlCmd[36]	
Controller.Micro850.Micro850.Test.FB_CTL_MOTORS_EXCEPT_PAW_1.FB_CTL_MOTORS_1.LOCAL_MotorsCtlCmd[37]	
Controller.Micro850.Micro850.Test.FB_CTL_MOTORS_EXCEPT_PAW_1.FB_CTL_MOTORS_1.LOCAL_MotorsCtlCmd[38]	
Controller.Micro850.Micro850.Test.FB_CTL_MOTORS_EXCEPT_PAW_1.FB_CTL_MOTORS_1.LOCAL_MotorsCtlCmd[39]	
Controller.Micro850.Micro850.Test.FB_CTL_MOTORS_EXCEPT_PAW_1.FB_CTL_MOTORS_1.LOCAL_MotorsCtlCmd[4]	
Controller.Micro850.Micro850.Test.FB_CTL_MOTORS_EXCEPT_PAW_1.FB_CTL_MOTORS_1.LOCAL_MotorsCtlCmd[40]	
Controller.Micro850.Micro850.Test.FB_CTL_MOTORS_EXCEPT_PAW_1.FB_CTL_MOTORS_1.LOCAL_MotorsCtlCmd[41]	
Controller.Micro850.Micro850.Test.FB_CTL_MOTORS_EXCEPT_PAW_1.FB_CTL_MOTORS_1.LOCAL_MotorsCtlCmd[42]	
Controller.Micro850.Micro850.Test.FB_CTL_MOTORS_EXCEPT_PAW_1.FB_CTL_MOTORS_1.LOCAL_MotorsCtlCmd[43]	
Controller.Micro850.Micro850.Test.FB_CTL_MOTORS_EXCEPT_PAW_1.FB_CTL_MOTORS_1.LOCAL_MotorsCtlCmd[44]	
Controller.Micro850.Micro850.Test.FB_CTL_MOTORS_EXCEPT_PAW_1.FB_CTL_MOTORS_1.LOCAL_MotorsCtlCmd[45]	
Controller.Micro850.Micro850.Test.FB_CTL_MOTORS_EXCEPT_PAW_1.FB_CTL_MOTORS_1.LOCAL_MotorsCtlCmd[46]	
Controller.Micro850.Micro850.Test.FB_CTL_MOTORS_EXCEPT_PAW_1.FB_CTL_MOTORS_1.LOCAL_MotorsCtlCmd[47]	
Controller.Micro850.Micro850.Test.FB_CTL_MOTORS_EXCEPT_PAW_1.FB_CTL_MOTORS_1.LOCAL_MotorsCtlCmd[48]	
Controller.Micro850.Micro850.Test.FB_CTL_MOTORS_EXCEPT_PAW_1.FB_CTL_MOTORS_1.LOCAL_MotorsCtlCmd[49]	
Controller.Micro850.Micro850.Test.FB_CTL_MOTORS_EXCEPT_PAW_1.FB_CTL_MOTORS_1.LOCAL_MotorsCtlCmd[5]	
Controller.Micro850.Micro850.Test.FB_CTL_MOTORS_EXCEPT_PAW_1.FB_CTL_MOTORS_1.LOCAL_MotorsCtlCmd[50]	
Controller.Micro850.Micro850.Test.FB_CTL_MOTORS_EXCEPT_PAW_1.FB_CTL_MOTORS_1.LOCAL_MotorsCtlCmd[51]	
Controller.Micro850.Micro850.Test.FB_CTL_MOTORS_EXCEPT_PAW_1.FB_CTL_MOTORS_1.LOCAL_MotorsCtlCmd[52]	
Controller.Micro850.Micro850.Test.FB_CTL_MOTORS_EXCEPT_PAW_1.FB_CTL_MOTORS_1.LOCAL_MotorsCtlCmd[53]	
Controller.Micro850.Micro850.Test.FB_CTL_MOTORS_EXCEPT_PAW_1.FB_CTL_MOTORS_1.LOCAL_MotorsCtlCmd[54]	
Controller.Micro850.Micro850.Test.FB_CTL_MOTORS_EXCEPT_PAW_1.FB_CTL_MOTORS_1.LOCAL_MotorsCtlCmd[55]	
Controller.Micro850.Micro850.Test.FB_CTL_MOTORS_EXCEPT_PAW_1.FB_CTL_MOTORS_1.LOCAL_MotorsCtlCmd[56]	
Controller.Micro850.Micro850.Test.FB_CTL_MOTORS_EXCEPT_PAW_1.FB_CTL_MOTORS_1.LOCAL_MotorsCtlCmd[57]	
Controller.Micro850.Micro850.Test.FB_CTL_MOTORS_EXCEPT_PAW_1.FB_CTL_MOTORS_1.LOCAL_MotorsCtlCmd[58]	
Controller.Micro850.Micro850.Test.FB_CTL_MOTORS_EXCEPT_PAW_1.FB_CTL_MOTORS_1.LOCAL_MotorsCtlCmd[59]	
Controller.Micro850.Micro850.Test.FB_CTL_MOTORS_EXCEPT_PAW_1.FB_CTL_MOTORS_1.LOCAL_MotorsCtlCmd[6]	
Controller.Micro850.Micro850.Test.FB_CTL_MOTORS_EXCEPT_PAW_1.FB_CTL_MOTORS_1.LOCAL_MotorsCtlCmd[60]	
Controller.Micro850.Micro850.Test.FB_CTL_MOTORS_EXCEPT_PAW_1.FB_CTL_MOTORS_1.LOCAL_MotorsCtlCmd[61]	
Controller.Micro850.Micro850.Test.FB_CTL_MOTORS_EXCEPT_PAW_1.FB_CTL_MOTORS_1.LOCAL_MotorsCtlCmd[62]	
Controller.Micro850.Micro850.Test.FB_CTL_MOTORS_EXCEPT_PAW_1.FB_CTL_MOTORS_1.LOCAL_MotorsCtlCmd[63]	
Controller.Micro850.Micro850.Test.FB_CTL_MOTORS_EXCEPT_PAW_1.FB_CTL_MOTORS_1.LOCAL_MotorsCtlCmd[64]	
Controller.Micro850.Micro850.Test.FB_CTL_MOTORS_EXCEPT_PAW_1.FB_CTL_MOTORS_1.LOCAL_MotorsCtlCmd[65]	
Controller.Micro850.Micro850.Test.FB_CTL_MOTORS_EXCEPT_PAW_1.FB_CTL_MOTORS_1.LOCAL_MotorsCtlCmd[66]	
Controller.Micro850.Micro850.Test.FB_CTL_MOTORS_EXCEPT_PAW_1.FB_CTL_MOTORS_1.LOCAL_MotorsCtlCmd[67]	
Controller.Micro850.Micro850.Test.FB_CTL_MOTORS_EXCEPT_PAW_1.FB_CTL_MOTORS_1.LOCAL_MotorsCtlCmd[68]	
Controller.Micro850.Micro850.Test.FB_CTL_MOTORS_EXCEPT_PAW_1.FB_CTL_MOTORS_1.LOCAL_MotorsCtlCmd[69]	
Controller.Micro850.Micro850.Test.FB_CTL_MOTORS_EXCEPT_PAW_1.FB_CTL_MOTORS_1.LOCAL_MotorsCtlCmd[7]	
Controller.Micro850.Micro850.Test.FB_CTL_MOTORS_EXCEPT_PAW_1.FB_CTL_MOTORS_1.LOCAL_MotorsCtlCmd[70]	
Controller.Micro850.Micro850.Test.FB_CTL_MOTORS_EXCEPT_PAW_1.FB_CTL_MOTORS_1.LOCAL_MotorsCtlCmd[71]	
Controller.Micro850.Micro850.Test.FB_CTL_MOTORS_EXCEPT_PAW_1.FB_CTL_MOTORS_1.LOCAL_MotorsCtlCmd[72]	
Controller.Micro850.Micro850.Test.FB_CTL_MOTORS_EXCEPT_PAW_1.FB_CTL_MOTORS_1.LOCAL_MotorsCtlCmd[73]	
Controller.Micro850.Micro850.Test.FB_CTL_MOTORS_EXCEPT_PAW_1.FB_CTL_MOTORS_1.LOCAL_MotorsCtlCmd[74]	
Controller.Micro850.Micro850.Test.FB_CTL_MOTORS_EXCEPT_PAW_1.FB_CTL_MOTORS_1.LOCAL_MotorsCtlCmd[75]	
Controller.Micro850.Micro850.Test.FB_CTL_MOTORS_EXCEPT_PAW_1.FB_CTL_MOTORS_1.LOCAL_MotorsCtlCmd[76]	
Controller.Micro850.Micro850.Test.FB_CTL_MOTORS_EXCEPT_PAW_1.FB_CTL_MOTORS_1.LOCAL_MotorsCtlCmd[77]	
Controller.Micro850.Micro850.Test.FB_CTL_MOTORS_EXCEPT_PAW_1.FB_CTL_MOTORS_1.LOCAL_MotorsCtlCmd[78]	
Controller.Micro850.Micro850.Test.FB_CTL_MOTORS_EXCEPT_PAW_1.FB_CTL_MOTORS_1.LOCAL_MotorsCtlCmd[79]	
Controller.Micro850.Micro850.Test.FB_CTL_MOTORS_EXCEPT_PAW_1.FB_CTL_MOTORS_1.LOCAL_MotorsCtlCmd[8]	
Controller.Micro850.Micro850.Test.FB_CTL_MOTORS_EXCEPT_PAW_1.FB_CTL_MOTORS_1.LOCAL_MotorsCtlCmd[80]	
Controller.Micro850.Micro850.Test.FB_CTL_MOTORS_EXCEPT_PAW_1.FB_CTL_MOTORS_1.LOCAL_MotorsCtlCmd[81]	
Controller.Micro850.Micro850.Test.FB_CTL_MOTORS_EXCEPT_PAW_1.FB_CTL_MOTORS_1.LOCAL_MotorsCtlCmd[82]	
Controller.Micro850.Micro850.Test.FB_CTL_MOTORS_EXCEPT_PAW_1.FB_CTL_MOTORS_1.LOCAL_MotorsCtlCmd[9]	
Controller.Micro850.Micro850.Test.FB_CTL_MOTORS_EXCEPT_PAW_1.FB_CTL_MOTORS_1.LOCAL_Send_Control	
Controller.Micro850.Micro850.Test.FB_CTL_MOTORS_EXCEPT_PAW_1.FB_CTL_MOTORS_1.MOTOR_POS_Array[1].ID	
Controller.Micro850.Micro850.Test.FB_CTL_MOTORS_EXCEPT_PAW_1.FB_CTL_MOTORS_1.MOTOR_POS_Array[1].POS	
Controller.Micro850.Micro850.Test.FB_CTL_MOTORS_EXCEPT_PAW_1.FB_CTL_MOTORS_1.MOTOR_POS_Array[2].ID	
Controller.Micro850.Micro850.Test.FB_CTL_MOTORS_EXCEPT_PAW_1.FB_CTL_MOTORS_1.MOTOR_POS_Array[2].POS	
Controller.Micro850.Micro850.Test.FB_CTL_MOTORS_EXCEPT_PAW_1.FB_CTL_MOTORS_1.MOTOR_POS_Array[3].ID	
Controller.Micro850.Micro850.Test.FB_CTL_MOTORS_EXCEPT_PAW_1.FB_CTL_MOTORS_1.MOTOR_POS_Array[3].POS	
Controller.Micro850.Micro850.Test.FB_CTL_MOTORS_EXCEPT_PAW_1.FB_CTL_MOTORS_1.MOTOR_POS_Array[4].ID	
Controller.Micro850.Micro850.Test.FB_CTL_MOTORS_EXCEPT_PAW_1.FB_CTL_MOTORS_1.MOTOR_POS_Array[4].POS	
Controller.Micro850.Micro850.Test.FB_CTL_MOTORS_EXCEPT_PAW_1.FB_CTL_MOTORS_1.MOTOR_POS_Array[5].ID	
Controller.Micro850.Micro850.Test.FB_CTL_MOTORS_EXCEPT_PAW_1.FB_CTL_MOTORS_1.MOTOR_POS_Array[5].POS	
Controller.Micro850.Micro850.Test.FB_CTL_MOTORS_EXCEPT_PAW_1.FB_CTL_MOTORS_1.MOTOR_POS_Array[6].ID	
Controller.Micro850.Micro850.Test.FB_CTL_MOTORS_EXCEPT_PAW_1.FB_CTL_MOTORS_1.MOTOR_POS_Array[6].POS	
Controller.Micro850.Micro850.Test.FB_CTL_MOTORS_EXCEPT_PAW_1.FB_MOTORS_EXCEPT_PAW_AWT_CHANNEL	
Controller.Micro850.Micro850.Test.FB_CTL_MOTORS_EXCEPT_PAW_1.FB_MOTORS_EXCEPT_PAW_MOTOR_2_POS	
Controller.Micro850.Micro850.Test.FB_CTL_MOTORS_EXCEPT_PAW_1.FB_MOTORS_EXCEPT_PAW_MOTOR_3_POS	
Controller.Micro850.Micro850.Test.FB_CTL_MOTORS_EXCEPT_PAW_1.FB_MOTORS_EXCEPT_PAW_MOTOR_4_POS	
Controller.Micro850.Micro850.Test.FB_CTL_MOTORS_EXCEPT_PAW_1.FB_MOTORS_EXCEPT_PAW_MOTOR_5_POS	
Controller.Micro850.Micro850.Test.FB_CTL_MOTORS_EXCEPT_PAW_1.FB_MOTORS_EXCEPT_PAW_MOTOR_6_POS	
Controller.Micro850.Micro850.Test.FB_CTL_MOTORS_EXCEPT_PAW_1.FB_MOTORS_EXCEPT_PAW_Q	
Controller.Micro850.Micro850.Test.FB_CTL_MOTORS_EXCEPT_PAW_1.FB_MOTORS_EXCEPT_PAW_SPEED_TIME	
Controller.Micro850.Micro850.Test.FB_CTL_MOTORS_EXCEPT_PAW_1.LOCAL_FB_MOTOR_POS_Array[1].ID	
Controller.Micro850.Micro850.Test.FB_CTL_MOTORS_EXCEPT_PAW_1.LOCAL_FB_MOTOR_POS_Array[1].POS	
Controller.Micro850.Micro850.Test.FB_CTL_MOTORS_EXCEPT_PAW_1.LOCAL_FB_MOTOR_POS_Array[2].ID	
Controller.Micro850.Micro850.Test.FB_CTL_MOTORS_EXCEPT_PAW_1.LOCAL_FB_MOTOR_POS_Array[2].POS	
Controller.Micro850.Micro850.Test.FB_CTL_MOTORS_EXCEPT_PAW_1.LOCAL_FB_MOTOR_POS_Array[3].ID	
Controller.Micro850.Micro850.Test.FB_CTL_MOTORS_EXCEPT_PAW_1.LOCAL_FB_MOTOR_POS_Array[3].POS	
Controller.Micro850.Micro850.Test.FB_CTL_MOTORS_EXCEPT_PAW_1.LOCAL_FB_MOTOR_POS_Array[4].ID	
Controller.Micro850.Micro850.Test.FB_CTL_MOTORS_EXCEPT_PAW_1.LOCAL_FB_MOTOR_POS_Array[4].POS	
Controller.Micro850.Micro850.Test.FB_CTL_MOTORS_EXCEPT_PAW_1.LOCAL_FB_MOTOR_POS_Array[5].ID	
Controller.Micro850.Micro850.Test.FB_CTL_MOTORS_EXCEPT_PAW_1.LOCAL_FB_MOTOR_POS_Array[5].POS	
Controller.Micro850.Micro850.Test.FB_CTL_MOTORS_EXCEPT_PAW_1.LOCAL_FB_MOTOR_POS_Array[6].ID	
Controller.Micro850.Micro850.Test.FB_CTL_MOTORS_EXCEPT_PAW_1.LOCAL_FB_MOTOR_POS_Array[6].POS	
Controller.Micro850.Micro850.Test.FB_CTL_ONE_MOTOR_1.AWT_1.__ADI_Source	
Controller.Micro850.Micro850.Test.FB_CTL_ONE_MOTOR_1.AWT_1.AWTInput.Cancel	
Controller.Micro850.Micro850.Test.FB_CTL_ONE_MOTOR_1.AWT_1.AWTInput.Channel	
Controller.Micro850.Micro850.Test.FB_CTL_ONE_MOTOR_1.AWT_1.AWTInput.Length	
Controller.Micro850.Micro850.Test.FB_CTL_ONE_MOTOR_1.AWT_1.controlbit	
Controller.Micro850.Micro850.Test.FB_CTL_ONE_MOTOR_1.AWT_1.Error	
Controller.Micro850.Micro850.Test.FB_CTL_ONE_MOTOR_1.AWT_1.ErrorID	
Controller.Micro850.Micro850.Test.FB_CTL_ONE_MOTOR_1.AWT_1.IN	
Controller.Micro850.Micro850.Test.FB_CTL_ONE_MOTOR_1.AWT_1.NumChar	
Controller.Micro850.Micro850.Test.FB_CTL_ONE_MOTOR_1.AWT_1.Q	
Controller.Micro850.Micro850.Test.FB_CTL_ONE_MOTOR_1.AWT_1.Source[1]	
Controller.Micro850.Micro850.Test.FB_CTL_ONE_MOTOR_1.AWT_1.Source[10]	
Controller.Micro850.Micro850.Test.FB_CTL_ONE_MOTOR_1.AWT_1.Source[11]	
Controller.Micro850.Micro850.Test.FB_CTL_ONE_MOTOR_1.AWT_1.Source[12]	
Controller.Micro850.Micro850.Test.FB_CTL_ONE_MOTOR_1.AWT_1.Source[13]	
Controller.Micro850.Micro850.Test.FB_CTL_ONE_MOTOR_1.AWT_1.Source[14]	
Controller.Micro850.Micro850.Test.FB_CTL_ONE_MOTOR_1.AWT_1.Source[15]	
Controller.Micro850.Micro850.Test.FB_CTL_ONE_MOTOR_1.AWT_1.Source[16]	
Controller.Micro850.Micro850.Test.FB_CTL_ONE_MOTOR_1.AWT_1.Source[17]	
Controller.Micro850.Micro850.Test.FB_CTL_ONE_MOTOR_1.AWT_1.Source[18]	
Controller.Micro850.Micro850.Test.FB_CTL_ONE_MOTOR_1.AWT_1.Source[19]	
Controller.Micro850.Micro850.Test.FB_CTL_ONE_MOTOR_1.AWT_1.Source[2]	
Controller.Micro850.Micro850.Test.FB_CTL_ONE_MOTOR_1.AWT_1.Source[20]	
Controller.Micro850.Micro850.Test.FB_CTL_ONE_MOTOR_1.AWT_1.Source[21]	
Controller.Micro850.Micro850.Test.FB_CTL_ONE_MOTOR_1.AWT_1.Source[22]	
Controller.Micro850.Micro850.Test.FB_CTL_ONE_MOTOR_1.AWT_1.Source[23]	
Controller.Micro850.Micro850.Test.FB_CTL_ONE_MOTOR_1.AWT_1.Source[24]	
Controller.Micro850.Micro850.Test.FB_CTL_ONE_MOTOR_1.AWT_1.Source[25]	
Controller.Micro850.Micro850.Test.FB_CTL_ONE_MOTOR_1.AWT_1.Source[26]	
Controller.Micro850.Micro850.Test.FB_CTL_ONE_MOTOR_1.AWT_1.Source[27]	
Controller.Micro850.Micro850.Test.FB_CTL_ONE_MOTOR_1.AWT_1.Source[28]	
Controller.Micro850.Micro850.Test.FB_CTL_ONE_MOTOR_1.AWT_1.Source[29]	
Controller.Micro850.Micro850.Test.FB_CTL_ONE_MOTOR_1.AWT_1.Source[3]	
Controller.Micro850.Micro850.Test.FB_CTL_ONE_MOTOR_1.AWT_1.Source[30]	
Controller.Micro850.Micro850.Test.FB_CTL_ONE_MOTOR_1.AWT_1.Source[31]	
Controller.Micro850.Micro850.Test.FB_CTL_ONE_MOTOR_1.AWT_1.Source[32]	
Controller.Micro850.Micro850.Test.FB_CTL_ONE_MOTOR_1.AWT_1.Source[33]	
Controller.Micro850.Micro850.Test.FB_CTL_ONE_MOTOR_1.AWT_1.Source[34]	
Controller.Micro850.Micro850.Test.FB_CTL_ONE_MOTOR_1.AWT_1.Source[35]	
Controller.Micro850.Micro850.Test.FB_CTL_ONE_MOTOR_1.AWT_1.Source[36]	
Controller.Micro850.Micro850.Test.FB_CTL_ONE_MOTOR_1.AWT_1.Source[37]	
Controller.Micro850.Micro850.Test.FB_CTL_ONE_MOTOR_1.AWT_1.Source[38]	
Controller.Micro850.Micro850.Test.FB_CTL_ONE_MOTOR_1.AWT_1.Source[39]	
Controller.Micro850.Micro850.Test.FB_CTL_ONE_MOTOR_1.AWT_1.Source[4]	
Controller.Micro850.Micro850.Test.FB_CTL_ONE_MOTOR_1.AWT_1.Source[40]	
Controller.Micro850.Micro850.Test.FB_CTL_ONE_MOTOR_1.AWT_1.Source[41]	
Controller.Micro850.Micro850.Test.FB_CTL_ONE_MOTOR_1.AWT_1.Source[42]	
Controller.Micro850.Micro850.Test.FB_CTL_ONE_MOTOR_1.AWT_1.Source[43]	
Controller.Micro850.Micro850.Test.FB_CTL_ONE_MOTOR_1.AWT_1.Source[44]	
Controller.Micro850.Micro850.Test.FB_CTL_ONE_MOTOR_1.AWT_1.Source[45]	
Controller.Micro850.Micro850.Test.FB_CTL_ONE_MOTOR_1.AWT_1.Source[46]	
Controller.Micro850.Micro850.Test.FB_CTL_ONE_MOTOR_1.AWT_1.Source[47]	
Controller.Micro850.Micro850.Test.FB_CTL_ONE_MOTOR_1.AWT_1.Source[48]	
Controller.Micro850.Micro850.Test.FB_CTL_ONE_MOTOR_1.AWT_1.Source[49]	
Controller.Micro850.Micro850.Test.FB_CTL_ONE_MOTOR_1.AWT_1.Source[5]	
Controller.Micro850.Micro850.Test.FB_CTL_ONE_MOTOR_1.AWT_1.Source[50]	
Controller.Micro850.Micro850.Test.FB_CTL_ONE_MOTOR_1.AWT_1.Source[51]	
Controller.Micro850.Micro850.Test.FB_CTL_ONE_MOTOR_1.AWT_1.Source[52]	
Controller.Micro850.Micro850.Test.FB_CTL_ONE_MOTOR_1.AWT_1.Source[53]	
Controller.Micro850.Micro850.Test.FB_CTL_ONE_MOTOR_1.AWT_1.Source[54]	
Controller.Micro850.Micro850.Test.FB_CTL_ONE_MOTOR_1.AWT_1.Source[55]	
Controller.Micro850.Micro850.Test.FB_CTL_ONE_MOTOR_1.AWT_1.Source[56]	
Controller.Micro850.Micro850.Test.FB_CTL_ONE_MOTOR_1.AWT_1.Source[57]	
Controller.Micro850.Micro850.Test.FB_CTL_ONE_MOTOR_1.AWT_1.Source[58]	
Controller.Micro850.Micro850.Test.FB_CTL_ONE_MOTOR_1.AWT_1.Source[59]	
Controller.Micro850.Micro850.Test.FB_CTL_ONE_MOTOR_1.AWT_1.Source[6]	
Controller.Micro850.Micro850.Test.FB_CTL_ONE_MOTOR_1.AWT_1.Source[60]	
Controller.Micro850.Micro850.Test.FB_CTL_ONE_MOTOR_1.AWT_1.Source[61]	
Controller.Micro850.Micro850.Test.FB_CTL_ONE_MOTOR_1.AWT_1.Source[62]	
Controller.Micro850.Micro850.Test.FB_CTL_ONE_MOTOR_1.AWT_1.Source[63]	
Controller.Micro850.Micro850.Test.FB_CTL_ONE_MOTOR_1.AWT_1.Source[64]	
Controller.Micro850.Micro850.Test.FB_CTL_ONE_MOTOR_1.AWT_1.Source[65]	
Controller.Micro850.Micro850.Test.FB_CTL_ONE_MOTOR_1.AWT_1.Source[66]	
Controller.Micro850.Micro850.Test.FB_CTL_ONE_MOTOR_1.AWT_1.Source[67]	
Controller.Micro850.Micro850.Test.FB_CTL_ONE_MOTOR_1.AWT_1.Source[68]	
Controller.Micro850.Micro850.Test.FB_CTL_ONE_MOTOR_1.AWT_1.Source[69]	
Controller.Micro850.Micro850.Test.FB_CTL_ONE_MOTOR_1.AWT_1.Source[7]	
Controller.Micro850.Micro850.Test.FB_CTL_ONE_MOTOR_1.AWT_1.Source[70]	
Controller.Micro850.Micro850.Test.FB_CTL_ONE_MOTOR_1.AWT_1.Source[71]	
Controller.Micro850.Micro850.Test.FB_CTL_ONE_MOTOR_1.AWT_1.Source[72]	
Controller.Micro850.Micro850.Test.FB_CTL_ONE_MOTOR_1.AWT_1.Source[73]	
Controller.Micro850.Micro850.Test.FB_CTL_ONE_MOTOR_1.AWT_1.Source[74]	
Controller.Micro850.Micro850.Test.FB_CTL_ONE_MOTOR_1.AWT_1.Source[75]	
Controller.Micro850.Micro850.Test.FB_CTL_ONE_MOTOR_1.AWT_1.Source[76]	
Controller.Micro850.Micro850.Test.FB_CTL_ONE_MOTOR_1.AWT_1.Source[77]	
Controller.Micro850.Micro850.Test.FB_CTL_ONE_MOTOR_1.AWT_1.Source[78]	
Controller.Micro850.Micro850.Test.FB_CTL_ONE_MOTOR_1.AWT_1.Source[79]	
Controller.Micro850.Micro850.Test.FB_CTL_ONE_MOTOR_1.AWT_1.Source[8]	
Controller.Micro850.Micro850.Test.FB_CTL_ONE_MOTOR_1.AWT_1.Source[80]	
Controller.Micro850.Micro850.Test.FB_CTL_ONE_MOTOR_1.AWT_1.Source[81]	
Controller.Micro850.Micro850.Test.FB_CTL_ONE_MOTOR_1.AWT_1.Source[82]	
Controller.Micro850.Micro850.Test.FB_CTL_ONE_MOTOR_1.AWT_1.Source[9]	
Controller.Micro850.Micro850.Test.FB_CTL_ONE_MOTOR_1.FB_ONE_MOTOR_AWT_CHANNEL	
Controller.Micro850.Micro850.Test.FB_CTL_ONE_MOTOR_1.FB_ONE_MOTOR_ID	
Controller.Micro850.Micro850.Test.FB_CTL_ONE_MOTOR_1.FB_ONE_MOTOR_POS	
Controller.Micro850.Micro850.Test.FB_CTL_ONE_MOTOR_1.FB_ONE_MOTOR_Q	
Controller.Micro850.Micro850.Test.FB_CTL_ONE_MOTOR_1.FB_ONE_MOTOR_SPEED_TIME	
Controller.Micro850.Micro850.Test.FB_CTL_ONE_MOTOR_1.LOCAL_AWT_INPUT.Cancel	
Controller.Micro850.Micro850.Test.FB_CTL_ONE_MOTOR_1.LOCAL_AWT_INPUT.Channel	
Controller.Micro850.Micro850.Test.FB_CTL_ONE_MOTOR_1.LOCAL_AWT_INPUT.Length	
Controller.Micro850.Micro850.Test.FB_CTL_ONE_MOTOR_1.LOCAL_K	
Controller.Micro850.Micro850.Test.FB_CTL_ONE_MOTOR_1.LOCAL_MOTOR_POS	
Controller.Micro850.Micro850.Test.FB_CTL_ONE_MOTOR_1.LOCAL_OneMotorCtlCmd[1]	
Controller.Micro850.Micro850.Test.FB_CTL_ONE_MOTOR_1.LOCAL_OneMotorCtlCmd[10]	
Controller.Micro850.Micro850.Test.FB_CTL_ONE_MOTOR_1.LOCAL_OneMotorCtlCmd[11]	
Controller.Micro850.Micro850.Test.FB_CTL_ONE_MOTOR_1.LOCAL_OneMotorCtlCmd[12]	
Controller.Micro850.Micro850.Test.FB_CTL_ONE_MOTOR_1.LOCAL_OneMotorCtlCmd[13]	
Controller.Micro850.Micro850.Test.FB_CTL_ONE_MOTOR_1.LOCAL_OneMotorCtlCmd[14]	
Controller.Micro850.Micro850.Test.FB_CTL_ONE_MOTOR_1.LOCAL_OneMotorCtlCmd[15]	
Controller.Micro850.Micro850.Test.FB_CTL_ONE_MOTOR_1.LOCAL_OneMotorCtlCmd[16]	
Controller.Micro850.Micro850.Test.FB_CTL_ONE_MOTOR_1.LOCAL_OneMotorCtlCmd[17]	
Controller.Micro850.Micro850.Test.FB_CTL_ONE_MOTOR_1.LOCAL_OneMotorCtlCmd[18]	
Controller.Micro850.Micro850.Test.FB_CTL_ONE_MOTOR_1.LOCAL_OneMotorCtlCmd[19]	
Controller.Micro850.Micro850.Test.FB_CTL_ONE_MOTOR_1.LOCAL_OneMotorCtlCmd[2]	
Controller.Micro850.Micro850.Test.FB_CTL_ONE_MOTOR_1.LOCAL_OneMotorCtlCmd[20]	
Controller.Micro850.Micro850.Test.FB_CTL_ONE_MOTOR_1.LOCAL_OneMotorCtlCmd[21]	
Controller.Micro850.Micro850.Test.FB_CTL_ONE_MOTOR_1.LOCAL_OneMotorCtlCmd[22]	
Controller.Micro850.Micro850.Test.FB_CTL_ONE_MOTOR_1.LOCAL_OneMotorCtlCmd[23]	
Controller.Micro850.Micro850.Test.FB_CTL_ONE_MOTOR_1.LOCAL_OneMotorCtlCmd[24]	
Controller.Micro850.Micro850.Test.FB_CTL_ONE_MOTOR_1.LOCAL_OneMotorCtlCmd[25]	
Controller.Micro850.Micro850.Test.FB_CTL_ONE_MOTOR_1.LOCAL_OneMotorCtlCmd[26]	
Controller.Micro850.Micro850.Test.FB_CTL_ONE_MOTOR_1.LOCAL_OneMotorCtlCmd[27]	
Controller.Micro850.Micro850.Test.FB_CTL_ONE_MOTOR_1.LOCAL_OneMotorCtlCmd[28]	
Controller.Micro850.Micro850.Test.FB_CTL_ONE_MOTOR_1.LOCAL_OneMotorCtlCmd[29]	
Controller.Micro850.Micro850.Test.FB_CTL_ONE_MOTOR_1.LOCAL_OneMotorCtlCmd[3]	
Controller.Micro850.Micro850.Test.FB_CTL_ONE_MOTOR_1.LOCAL_OneMotorCtlCmd[30]	
Controller.Micro850.Micro850.Test.FB_CTL_ONE_MOTOR_1.LOCAL_OneMotorCtlCmd[31]	
Controller.Micro850.Micro850.Test.FB_CTL_ONE_MOTOR_1.LOCAL_OneMotorCtlCmd[32]	
Controller.Micro850.Micro850.Test.FB_CTL_ONE_MOTOR_1.LOCAL_OneMotorCtlCmd[33]	
Controller.Micro850.Micro850.Test.FB_CTL_ONE_MOTOR_1.LOCAL_OneMotorCtlCmd[34]	
Controller.Micro850.Micro850.Test.FB_CTL_ONE_MOTOR_1.LOCAL_OneMotorCtlCmd[35]	
Controller.Micro850.Micro850.Test.FB_CTL_ONE_MOTOR_1.LOCAL_OneMotorCtlCmd[36]	
Controller.Micro850.Micro850.Test.FB_CTL_ONE_MOTOR_1.LOCAL_OneMotorCtlCmd[37]	
Controller.Micro850.Micro850.Test.FB_CTL_ONE_MOTOR_1.LOCAL_OneMotorCtlCmd[38]	
Controller.Micro850.Micro850.Test.FB_CTL_ONE_MOTOR_1.LOCAL_OneMotorCtlCmd[39]	
Controller.Micro850.Micro850.Test.FB_CTL_ONE_MOTOR_1.LOCAL_OneMotorCtlCmd[4]	
Controller.Micro850.Micro850.Test.FB_CTL_ONE_MOTOR_1.LOCAL_OneMotorCtlCmd[40]	
Controller.Micro850.Micro850.Test.FB_CTL_ONE_MOTOR_1.LOCAL_OneMotorCtlCmd[41]	
Controller.Micro850.Micro850.Test.FB_CTL_ONE_MOTOR_1.LOCAL_OneMotorCtlCmd[42]	
Controller.Micro850.Micro850.Test.FB_CTL_ONE_MOTOR_1.LOCAL_OneMotorCtlCmd[43]	
Controller.Micro850.Micro850.Test.FB_CTL_ONE_MOTOR_1.LOCAL_OneMotorCtlCmd[44]	
Controller.Micro850.Micro850.Test.FB_CTL_ONE_MOTOR_1.LOCAL_OneMotorCtlCmd[45]	
Controller.Micro850.Micro850.Test.FB_CTL_ONE_MOTOR_1.LOCAL_OneMotorCtlCmd[46]	
Controller.Micro850.Micro850.Test.FB_CTL_ONE_MOTOR_1.LOCAL_OneMotorCtlCmd[47]	
Controller.Micro850.Micro850.Test.FB_CTL_ONE_MOTOR_1.LOCAL_OneMotorCtlCmd[48]	
Controller.Micro850.Micro850.Test.FB_CTL_ONE_MOTOR_1.LOCAL_OneMotorCtlCmd[49]	
Controller.Micro850.Micro850.Test.FB_CTL_ONE_MOTOR_1.LOCAL_OneMotorCtlCmd[5]	
Controller.Micro850.Micro850.Test.FB_CTL_ONE_MOTOR_1.LOCAL_OneMotorCtlCmd[50]	
Controller.Micro850.Micro850.Test.FB_CTL_ONE_MOTOR_1.LOCAL_OneMotorCtlCmd[51]	
Controller.Micro850.Micro850.Test.FB_CTL_ONE_MOTOR_1.LOCAL_OneMotorCtlCmd[52]	
Controller.Micro850.Micro850.Test.FB_CTL_ONE_MOTOR_1.LOCAL_OneMotorCtlCmd[53]	
Controller.Micro850.Micro850.Test.FB_CTL_ONE_MOTOR_1.LOCAL_OneMotorCtlCmd[54]	
Controller.Micro850.Micro850.Test.FB_CTL_ONE_MOTOR_1.LOCAL_OneMotorCtlCmd[55]	
Controller.Micro850.Micro850.Test.FB_CTL_ONE_MOTOR_1.LOCAL_OneMotorCtlCmd[56]	
Controller.Micro850.Micro850.Test.FB_CTL_ONE_MOTOR_1.LOCAL_OneMotorCtlCmd[57]	
Controller.Micro850.Micro850.Test.FB_CTL_ONE_MOTOR_1.LOCAL_OneMotorCtlCmd[58]	
Controller.Micro850.Micro850.Test.FB_CTL_ONE_MOTOR_1.LOCAL_OneMotorCtlCmd[59]	
Controller.Micro850.Micro850.Test.FB_CTL_ONE_MOTOR_1.LOCAL_OneMotorCtlCmd[6]	
Controller.Micro850.Micro850.Test.FB_CTL_ONE_MOTOR_1.LOCAL_OneMotorCtlCmd[60]	
Controller.Micro850.Micro850.Test.FB_CTL_ONE_MOTOR_1.LOCAL_OneMotorCtlCmd[61]	
Controller.Micro850.Micro850.Test.FB_CTL_ONE_MOTOR_1.LOCAL_OneMotorCtlCmd[62]	
Controller.Micro850.Micro850.Test.FB_CTL_ONE_MOTOR_1.LOCAL_OneMotorCtlCmd[63]	
Controller.Micro850.Micro850.Test.FB_CTL_ONE_MOTOR_1.LOCAL_OneMotorCtlCmd[64]	
Controller.Micro850.Micro850.Test.FB_CTL_ONE_MOTOR_1.LOCAL_OneMotorCtlCmd[65]	
Controller.Micro850.Micro850.Test.FB_CTL_ONE_MOTOR_1.LOCAL_OneMotorCtlCmd[66]	
Controller.Micro850.Micro850.Test.FB_CTL_ONE_MOTOR_1.LOCAL_OneMotorCtlCmd[67]	
Controller.Micro850.Micro850.Test.FB_CTL_ONE_MOTOR_1.LOCAL_OneMotorCtlCmd[68]	
Controller.Micro850.Micro850.Test.FB_CTL_ONE_MOTOR_1.LOCAL_OneMotorCtlCmd[69]	
Controller.Micro850.Micro850.Test.FB_CTL_ONE_MOTOR_1.LOCAL_OneMotorCtlCmd[7]	
Controller.Micro850.Micro850.Test.FB_CTL_ONE_MOTOR_1.LOCAL_OneMotorCtlCmd[70]	
Controller.Micro850.Micro850.Test.FB_CTL_ONE_MOTOR_1.LOCAL_OneMotorCtlCmd[71]	
Controller.Micro850.Micro850.Test.FB_CTL_ONE_MOTOR_1.LOCAL_OneMotorCtlCmd[72]	
Controller.Micro850.Micro850.Test.FB_CTL_ONE_MOTOR_1.LOCAL_OneMotorCtlCmd[73]	
Controller.Micro850.Micro850.Test.FB_CTL_ONE_MOTOR_1.LOCAL_OneMotorCtlCmd[74]	
Controller.Micro850.Micro850.Test.FB_CTL_ONE_MOTOR_1.LOCAL_OneMotorCtlCmd[75]	
Controller.Micro850.Micro850.Test.FB_CTL_ONE_MOTOR_1.LOCAL_OneMotorCtlCmd[76]	
Controller.Micro850.Micro850.Test.FB_CTL_ONE_MOTOR_1.LOCAL_OneMotorCtlCmd[77]	
Controller.Micro850.Micro850.Test.FB_CTL_ONE_MOTOR_1.LOCAL_OneMotorCtlCmd[78]	
Controller.Micro850.Micro850.Test.FB_CTL_ONE_MOTOR_1.LOCAL_OneMotorCtlCmd[79]	
Controller.Micro850.Micro850.Test.FB_CTL_ONE_MOTOR_1.LOCAL_OneMotorCtlCmd[8]	
Controller.Micro850.Micro850.Test.FB_CTL_ONE_MOTOR_1.LOCAL_OneMotorCtlCmd[80]	
Controller.Micro850.Micro850.Test.FB_CTL_ONE_MOTOR_1.LOCAL_OneMotorCtlCmd[81]	
Controller.Micro850.Micro850.Test.FB_CTL_ONE_MOTOR_1.LOCAL_OneMotorCtlCmd[82]	
Controller.Micro850.Micro850.Test.FB_CTL_ONE_MOTOR_1.LOCAL_OneMotorCtlCmd[9]	
Controller.Micro850.Micro850.Test.FB_CTL_ONE_MOTOR_1.LOCAL_Send_Control	
Controller.Micro850.Micro850.Test.FB_PAW_CLOSE_1.FB_CTL_ONE_MOTOR_1.AWT_1.__ADI_Source	
Controller.Micro850.Micro850.Test.FB_PAW_CLOSE_1.FB_CTL_ONE_MOTOR_1.AWT_1.AWTInput.Cancel	
Controller.Micro850.Micro850.Test.FB_PAW_CLOSE_1.FB_CTL_ONE_MOTOR_1.AWT_1.AWTInput.Channel	
Controller.Micro850.Micro850.Test.FB_PAW_CLOSE_1.FB_CTL_ONE_MOTOR_1.AWT_1.AWTInput.Length	
Controller.Micro850.Micro850.Test.FB_PAW_CLOSE_1.FB_CTL_ONE_MOTOR_1.AWT_1.controlbit	
Controller.Micro850.Micro850.Test.FB_PAW_CLOSE_1.FB_CTL_ONE_MOTOR_1.AWT_1.Error	
Controller.Micro850.Micro850.Test.FB_PAW_CLOSE_1.FB_CTL_ONE_MOTOR_1.AWT_1.ErrorID	
Controller.Micro850.Micro850.Test.FB_PAW_CLOSE_1.FB_CTL_ONE_MOTOR_1.AWT_1.IN	
Controller.Micro850.Micro850.Test.FB_PAW_CLOSE_1.FB_CTL_ONE_MOTOR_1.AWT_1.NumChar	
Controller.Micro850.Micro850.Test.FB_PAW_CLOSE_1.FB_CTL_ONE_MOTOR_1.AWT_1.Q	
Controller.Micro850.Micro850.Test.FB_PAW_CLOSE_1.FB_CTL_ONE_MOTOR_1.AWT_1.Source[1]	
Controller.Micro850.Micro850.Test.FB_PAW_CLOSE_1.FB_CTL_ONE_MOTOR_1.AWT_1.Source[10]	
Controller.Micro850.Micro850.Test.FB_PAW_CLOSE_1.FB_CTL_ONE_MOTOR_1.AWT_1.Source[11]	
Controller.Micro850.Micro850.Test.FB_PAW_CLOSE_1.FB_CTL_ONE_MOTOR_1.AWT_1.Source[12]	
Controller.Micro850.Micro850.Test.FB_PAW_CLOSE_1.FB_CTL_ONE_MOTOR_1.AWT_1.Source[13]	
Controller.Micro850.Micro850.Test.FB_PAW_CLOSE_1.FB_CTL_ONE_MOTOR_1.AWT_1.Source[14]	
Controller.Micro850.Micro850.Test.FB_PAW_CLOSE_1.FB_CTL_ONE_MOTOR_1.AWT_1.Source[15]	
Controller.Micro850.Micro850.Test.FB_PAW_CLOSE_1.FB_CTL_ONE_MOTOR_1.AWT_1.Source[16]	
Controller.Micro850.Micro850.Test.FB_PAW_CLOSE_1.FB_CTL_ONE_MOTOR_1.AWT_1.Source[17]	
Controller.Micro850.Micro850.Test.FB_PAW_CLOSE_1.FB_CTL_ONE_MOTOR_1.AWT_1.Source[18]	
Controller.Micro850.Micro850.Test.FB_PAW_CLOSE_1.FB_CTL_ONE_MOTOR_1.AWT_1.Source[19]	
Controller.Micro850.Micro850.Test.FB_PAW_CLOSE_1.FB_CTL_ONE_MOTOR_1.AWT_1.Source[2]	
Controller.Micro850.Micro850.Test.FB_PAW_CLOSE_1.FB_CTL_ONE_MOTOR_1.AWT_1.Source[20]	
Controller.Micro850.Micro850.Test.FB_PAW_CLOSE_1.FB_CTL_ONE_MOTOR_1.AWT_1.Source[21]	
Controller.Micro850.Micro850.Test.FB_PAW_CLOSE_1.FB_CTL_ONE_MOTOR_1.AWT_1.Source[22]	
Controller.Micro850.Micro850.Test.FB_PAW_CLOSE_1.FB_CTL_ONE_MOTOR_1.AWT_1.Source[23]	
Controller.Micro850.Micro850.Test.FB_PAW_CLOSE_1.FB_CTL_ONE_MOTOR_1.AWT_1.Source[24]	
Controller.Micro850.Micro850.Test.FB_PAW_CLOSE_1.FB_CTL_ONE_MOTOR_1.AWT_1.Source[25]	
Controller.Micro850.Micro850.Test.FB_PAW_CLOSE_1.FB_CTL_ONE_MOTOR_1.AWT_1.Source[26]	
Controller.Micro850.Micro850.Test.FB_PAW_CLOSE_1.FB_CTL_ONE_MOTOR_1.AWT_1.Source[27]	
Controller.Micro850.Micro850.Test.FB_PAW_CLOSE_1.FB_CTL_ONE_MOTOR_1.AWT_1.Source[28]	
Controller.Micro850.Micro850.Test.FB_PAW_CLOSE_1.FB_CTL_ONE_MOTOR_1.AWT_1.Source[29]	
Controller.Micro850.Micro850.Test.FB_PAW_CLOSE_1.FB_CTL_ONE_MOTOR_1.AWT_1.Source[3]	
Controller.Micro850.Micro850.Test.FB_PAW_CLOSE_1.FB_CTL_ONE_MOTOR_1.AWT_1.Source[30]	
Controller.Micro850.Micro850.Test.FB_PAW_CLOSE_1.FB_CTL_ONE_MOTOR_1.AWT_1.Source[31]	
Controller.Micro850.Micro850.Test.FB_PAW_CLOSE_1.FB_CTL_ONE_MOTOR_1.AWT_1.Source[32]	
Controller.Micro850.Micro850.Test.FB_PAW_CLOSE_1.FB_CTL_ONE_MOTOR_1.AWT_1.Source[33]	
Controller.Micro850.Micro850.Test.FB_PAW_CLOSE_1.FB_CTL_ONE_MOTOR_1.AWT_1.Source[34]	
Controller.Micro850.Micro850.Test.FB_PAW_CLOSE_1.FB_CTL_ONE_MOTOR_1.AWT_1.Source[35]	
Controller.Micro850.Micro850.Test.FB_PAW_CLOSE_1.FB_CTL_ONE_MOTOR_1.AWT_1.Source[36]	
Controller.Micro850.Micro850.Test.FB_PAW_CLOSE_1.FB_CTL_ONE_MOTOR_1.AWT_1.Source[37]	
Controller.Micro850.Micro850.Test.FB_PAW_CLOSE_1.FB_CTL_ONE_MOTOR_1.AWT_1.Source[38]	
Controller.Micro850.Micro850.Test.FB_PAW_CLOSE_1.FB_CTL_ONE_MOTOR_1.AWT_1.Source[39]	
Controller.Micro850.Micro850.Test.FB_PAW_CLOSE_1.FB_CTL_ONE_MOTOR_1.AWT_1.Source[4]	
Controller.Micro850.Micro850.Test.FB_PAW_CLOSE_1.FB_CTL_ONE_MOTOR_1.AWT_1.Source[40]	
Controller.Micro850.Micro850.Test.FB_PAW_CLOSE_1.FB_CTL_ONE_MOTOR_1.AWT_1.Source[41]	
Controller.Micro850.Micro850.Test.FB_PAW_CLOSE_1.FB_CTL_ONE_MOTOR_1.AWT_1.Source[42]	
Controller.Micro850.Micro850.Test.FB_PAW_CLOSE_1.FB_CTL_ONE_MOTOR_1.AWT_1.Source[43]	
Controller.Micro850.Micro850.Test.FB_PAW_CLOSE_1.FB_CTL_ONE_MOTOR_1.AWT_1.Source[44]	
Controller.Micro850.Micro850.Test.FB_PAW_CLOSE_1.FB_CTL_ONE_MOTOR_1.AWT_1.Source[45]	
Controller.Micro850.Micro850.Test.FB_PAW_CLOSE_1.FB_CTL_ONE_MOTOR_1.AWT_1.Source[46]	
Controller.Micro850.Micro850.Test.FB_PAW_CLOSE_1.FB_CTL_ONE_MOTOR_1.AWT_1.Source[47]	
Controller.Micro850.Micro850.Test.FB_PAW_CLOSE_1.FB_CTL_ONE_MOTOR_1.AWT_1.Source[48]	
Controller.Micro850.Micro850.Test.FB_PAW_CLOSE_1.FB_CTL_ONE_MOTOR_1.AWT_1.Source[49]	
Controller.Micro850.Micro850.Test.FB_PAW_CLOSE_1.FB_CTL_ONE_MOTOR_1.AWT_1.Source[5]	
Controller.Micro850.Micro850.Test.FB_PAW_CLOSE_1.FB_CTL_ONE_MOTOR_1.AWT_1.Source[50]	
Controller.Micro850.Micro850.Test.FB_PAW_CLOSE_1.FB_CTL_ONE_MOTOR_1.AWT_1.Source[51]	
Controller.Micro850.Micro850.Test.FB_PAW_CLOSE_1.FB_CTL_ONE_MOTOR_1.AWT_1.Source[52]	
Controller.Micro850.Micro850.Test.FB_PAW_CLOSE_1.FB_CTL_ONE_MOTOR_1.AWT_1.Source[53]	
Controller.Micro850.Micro850.Test.FB_PAW_CLOSE_1.FB_CTL_ONE_MOTOR_1.AWT_1.Source[54]	
Controller.Micro850.Micro850.Test.FB_PAW_CLOSE_1.FB_CTL_ONE_MOTOR_1.AWT_1.Source[55]	
Controller.Micro850.Micro850.Test.FB_PAW_CLOSE_1.FB_CTL_ONE_MOTOR_1.AWT_1.Source[56]	
Controller.Micro850.Micro850.Test.FB_PAW_CLOSE_1.FB_CTL_ONE_MOTOR_1.AWT_1.Source[57]	
Controller.Micro850.Micro850.Test.FB_PAW_CLOSE_1.FB_CTL_ONE_MOTOR_1.AWT_1.Source[58]	
Controller.Micro850.Micro850.Test.FB_PAW_CLOSE_1.FB_CTL_ONE_MOTOR_1.AWT_1.Source[59]	
Controller.Micro850.Micro850.Test.FB_PAW_CLOSE_1.FB_CTL_ONE_MOTOR_1.AWT_1.Source[6]	
Controller.Micro850.Micro850.Test.FB_PAW_CLOSE_1.FB_CTL_ONE_MOTOR_1.AWT_1.Source[60]	
Controller.Micro850.Micro850.Test.FB_PAW_CLOSE_1.FB_CTL_ONE_MOTOR_1.AWT_1.Source[61]	
Controller.Micro850.Micro850.Test.FB_PAW_CLOSE_1.FB_CTL_ONE_MOTOR_1.AWT_1.Source[62]	
Controller.Micro850.Micro850.Test.FB_PAW_CLOSE_1.FB_CTL_ONE_MOTOR_1.AWT_1.Source[63]	
Controller.Micro850.Micro850.Test.FB_PAW_CLOSE_1.FB_CTL_ONE_MOTOR_1.AWT_1.Source[64]	
Controller.Micro850.Micro850.Test.FB_PAW_CLOSE_1.FB_CTL_ONE_MOTOR_1.AWT_1.Source[65]	
Controller.Micro850.Micro850.Test.FB_PAW_CLOSE_1.FB_CTL_ONE_MOTOR_1.AWT_1.Source[66]	
Controller.Micro850.Micro850.Test.FB_PAW_CLOSE_1.FB_CTL_ONE_MOTOR_1.AWT_1.Source[67]	
Controller.Micro850.Micro850.Test.FB_PAW_CLOSE_1.FB_CTL_ONE_MOTOR_1.AWT_1.Source[68]	
Controller.Micro850.Micro850.Test.FB_PAW_CLOSE_1.FB_CTL_ONE_MOTOR_1.AWT_1.Source[69]	
Controller.Micro850.Micro850.Test.FB_PAW_CLOSE_1.FB_CTL_ONE_MOTOR_1.AWT_1.Source[7]	
Controller.Micro850.Micro850.Test.FB_PAW_CLOSE_1.FB_CTL_ONE_MOTOR_1.AWT_1.Source[70]	
Controller.Micro850.Micro850.Test.FB_PAW_CLOSE_1.FB_CTL_ONE_MOTOR_1.AWT_1.Source[71]	
Controller.Micro850.Micro850.Test.FB_PAW_CLOSE_1.FB_CTL_ONE_MOTOR_1.AWT_1.Source[72]	
Controller.Micro850.Micro850.Test.FB_PAW_CLOSE_1.FB_CTL_ONE_MOTOR_1.AWT_1.Source[73]	
Controller.Micro850.Micro850.Test.FB_PAW_CLOSE_1.FB_CTL_ONE_MOTOR_1.AWT_1.Source[74]	
Controller.Micro850.Micro850.Test.FB_PAW_CLOSE_1.FB_CTL_ONE_MOTOR_1.AWT_1.Source[75]	
Controller.Micro850.Micro850.Test.FB_PAW_CLOSE_1.FB_CTL_ONE_MOTOR_1.AWT_1.Source[76]	
Controller.Micro850.Micro850.Test.FB_PAW_CLOSE_1.FB_CTL_ONE_MOTOR_1.AWT_1.Source[77]	
Controller.Micro850.Micro850.Test.FB_PAW_CLOSE_1.FB_CTL_ONE_MOTOR_1.AWT_1.Source[78]	
Controller.Micro850.Micro850.Test.FB_PAW_CLOSE_1.FB_CTL_ONE_MOTOR_1.AWT_1.Source[79]	
Controller.Micro850.Micro850.Test.FB_PAW_CLOSE_1.FB_CTL_ONE_MOTOR_1.AWT_1.Source[8]	
Controller.Micro850.Micro850.Test.FB_PAW_CLOSE_1.FB_CTL_ONE_MOTOR_1.AWT_1.Source[80]	
Controller.Micro850.Micro850.Test.FB_PAW_CLOSE_1.FB_CTL_ONE_MOTOR_1.AWT_1.Source[81]	
Controller.Micro850.Micro850.Test.FB_PAW_CLOSE_1.FB_CTL_ONE_MOTOR_1.AWT_1.Source[82]	
Controller.Micro850.Micro850.Test.FB_PAW_CLOSE_1.FB_CTL_ONE_MOTOR_1.AWT_1.Source[9]	
Controller.Micro850.Micro850.Test.FB_PAW_CLOSE_1.FB_CTL_ONE_MOTOR_1.FB_ONE_MOTOR_AWT_CHANNEL	
Controller.Micro850.Micro850.Test.FB_PAW_CLOSE_1.FB_CTL_ONE_MOTOR_1.FB_ONE_MOTOR_ID	
Controller.Micro850.Micro850.Test.FB_PAW_CLOSE_1.FB_CTL_ONE_MOTOR_1.FB_ONE_MOTOR_POS	
Controller.Micro850.Micro850.Test.FB_PAW_CLOSE_1.FB_CTL_ONE_MOTOR_1.FB_ONE_MOTOR_Q	
Controller.Micro850.Micro850.Test.FB_PAW_CLOSE_1.FB_CTL_ONE_MOTOR_1.FB_ONE_MOTOR_SPEED_TIME	
Controller.Micro850.Micro850.Test.FB_PAW_CLOSE_1.FB_CTL_ONE_MOTOR_1.LOCAL_AWT_INPUT.Cancel	
Controller.Micro850.Micro850.Test.FB_PAW_CLOSE_1.FB_CTL_ONE_MOTOR_1.LOCAL_AWT_INPUT.Channel	
Controller.Micro850.Micro850.Test.FB_PAW_CLOSE_1.FB_CTL_ONE_MOTOR_1.LOCAL_AWT_INPUT.Length	
Controller.Micro850.Micro850.Test.FB_PAW_CLOSE_1.FB_CTL_ONE_MOTOR_1.LOCAL_K	
Controller.Micro850.Micro850.Test.FB_PAW_CLOSE_1.FB_CTL_ONE_MOTOR_1.LOCAL_MOTOR_POS	
Controller.Micro850.Micro850.Test.FB_PAW_CLOSE_1.FB_CTL_ONE_MOTOR_1.LOCAL_OneMotorCtlCmd[1]	
Controller.Micro850.Micro850.Test.FB_PAW_CLOSE_1.FB_CTL_ONE_MOTOR_1.LOCAL_OneMotorCtlCmd[10]	
Controller.Micro850.Micro850.Test.FB_PAW_CLOSE_1.FB_CTL_ONE_MOTOR_1.LOCAL_OneMotorCtlCmd[11]	
Controller.Micro850.Micro850.Test.FB_PAW_CLOSE_1.FB_CTL_ONE_MOTOR_1.LOCAL_OneMotorCtlCmd[12]	
Controller.Micro850.Micro850.Test.FB_PAW_CLOSE_1.FB_CTL_ONE_MOTOR_1.LOCAL_OneMotorCtlCmd[13]	
Controller.Micro850.Micro850.Test.FB_PAW_CLOSE_1.FB_CTL_ONE_MOTOR_1.LOCAL_OneMotorCtlCmd[14]	
Controller.Micro850.Micro850.Test.FB_PAW_CLOSE_1.FB_CTL_ONE_MOTOR_1.LOCAL_OneMotorCtlCmd[15]	
Controller.Micro850.Micro850.Test.FB_PAW_CLOSE_1.FB_CTL_ONE_MOTOR_1.LOCAL_OneMotorCtlCmd[16]	
Controller.Micro850.Micro850.Test.FB_PAW_CLOSE_1.FB_CTL_ONE_MOTOR_1.LOCAL_OneMotorCtlCmd[17]	
Controller.Micro850.Micro850.Test.FB_PAW_CLOSE_1.FB_CTL_ONE_MOTOR_1.LOCAL_OneMotorCtlCmd[18]	
Controller.Micro850.Micro850.Test.FB_PAW_CLOSE_1.FB_CTL_ONE_MOTOR_1.LOCAL_OneMotorCtlCmd[19]	
Controller.Micro850.Micro850.Test.FB_PAW_CLOSE_1.FB_CTL_ONE_MOTOR_1.LOCAL_OneMotorCtlCmd[2]	
Controller.Micro850.Micro850.Test.FB_PAW_CLOSE_1.FB_CTL_ONE_MOTOR_1.LOCAL_OneMotorCtlCmd[20]	
Controller.Micro850.Micro850.Test.FB_PAW_CLOSE_1.FB_CTL_ONE_MOTOR_1.LOCAL_OneMotorCtlCmd[21]	
Controller.Micro850.Micro850.Test.FB_PAW_CLOSE_1.FB_CTL_ONE_MOTOR_1.LOCAL_OneMotorCtlCmd[22]	
Controller.Micro850.Micro850.Test.FB_PAW_CLOSE_1.FB_CTL_ONE_MOTOR_1.LOCAL_OneMotorCtlCmd[23]	
Controller.Micro850.Micro850.Test.FB_PAW_CLOSE_1.FB_CTL_ONE_MOTOR_1.LOCAL_OneMotorCtlCmd[24]	
Controller.Micro850.Micro850.Test.FB_PAW_CLOSE_1.FB_CTL_ONE_MOTOR_1.LOCAL_OneMotorCtlCmd[25]	
Controller.Micro850.Micro850.Test.FB_PAW_CLOSE_1.FB_CTL_ONE_MOTOR_1.LOCAL_OneMotorCtlCmd[26]	
Controller.Micro850.Micro850.Test.FB_PAW_CLOSE_1.FB_CTL_ONE_MOTOR_1.LOCAL_OneMotorCtlCmd[27]	
Controller.Micro850.Micro850.Test.FB_PAW_CLOSE_1.FB_CTL_ONE_MOTOR_1.LOCAL_OneMotorCtlCmd[28]	
Controller.Micro850.Micro850.Test.FB_PAW_CLOSE_1.FB_CTL_ONE_MOTOR_1.LOCAL_OneMotorCtlCmd[29]	
Controller.Micro850.Micro850.Test.FB_PAW_CLOSE_1.FB_CTL_ONE_MOTOR_1.LOCAL_OneMotorCtlCmd[3]	
Controller.Micro850.Micro850.Test.FB_PAW_CLOSE_1.FB_CTL_ONE_MOTOR_1.LOCAL_OneMotorCtlCmd[30]	
Controller.Micro850.Micro850.Test.FB_PAW_CLOSE_1.FB_CTL_ONE_MOTOR_1.LOCAL_OneMotorCtlCmd[31]	
Controller.Micro850.Micro850.Test.FB_PAW_CLOSE_1.FB_CTL_ONE_MOTOR_1.LOCAL_OneMotorCtlCmd[32]	
Controller.Micro850.Micro850.Test.FB_PAW_CLOSE_1.FB_CTL_ONE_MOTOR_1.LOCAL_OneMotorCtlCmd[33]	
Controller.Micro850.Micro850.Test.FB_PAW_CLOSE_1.FB_CTL_ONE_MOTOR_1.LOCAL_OneMotorCtlCmd[34]	
Controller.Micro850.Micro850.Test.FB_PAW_CLOSE_1.FB_CTL_ONE_MOTOR_1.LOCAL_OneMotorCtlCmd[35]	
Controller.Micro850.Micro850.Test.FB_PAW_CLOSE_1.FB_CTL_ONE_MOTOR_1.LOCAL_OneMotorCtlCmd[36]	
Controller.Micro850.Micro850.Test.FB_PAW_CLOSE_1.FB_CTL_ONE_MOTOR_1.LOCAL_OneMotorCtlCmd[37]	
Controller.Micro850.Micro850.Test.FB_PAW_CLOSE_1.FB_CTL_ONE_MOTOR_1.LOCAL_OneMotorCtlCmd[38]	
Controller.Micro850.Micro850.Test.FB_PAW_CLOSE_1.FB_CTL_ONE_MOTOR_1.LOCAL_OneMotorCtlCmd[39]	
Controller.Micro850.Micro850.Test.FB_PAW_CLOSE_1.FB_CTL_ONE_MOTOR_1.LOCAL_OneMotorCtlCmd[4]	
Controller.Micro850.Micro850.Test.FB_PAW_CLOSE_1.FB_CTL_ONE_MOTOR_1.LOCAL_OneMotorCtlCmd[40]	
Controller.Micro850.Micro850.Test.FB_PAW_CLOSE_1.FB_CTL_ONE_MOTOR_1.LOCAL_OneMotorCtlCmd[41]	
Controller.Micro850.Micro850.Test.FB_PAW_CLOSE_1.FB_CTL_ONE_MOTOR_1.LOCAL_OneMotorCtlCmd[42]	
Controller.Micro850.Micro850.Test.FB_PAW_CLOSE_1.FB_CTL_ONE_MOTOR_1.LOCAL_OneMotorCtlCmd[43]	
Controller.Micro850.Micro850.Test.FB_PAW_CLOSE_1.FB_CTL_ONE_MOTOR_1.LOCAL_OneMotorCtlCmd[44]	
Controller.Micro850.Micro850.Test.FB_PAW_CLOSE_1.FB_CTL_ONE_MOTOR_1.LOCAL_OneMotorCtlCmd[45]	
Controller.Micro850.Micro850.Test.FB_PAW_CLOSE_1.FB_CTL_ONE_MOTOR_1.LOCAL_OneMotorCtlCmd[46]	
Controller.Micro850.Micro850.Test.FB_PAW_CLOSE_1.FB_CTL_ONE_MOTOR_1.LOCAL_OneMotorCtlCmd[47]	
Controller.Micro850.Micro850.Test.FB_PAW_CLOSE_1.FB_CTL_ONE_MOTOR_1.LOCAL_OneMotorCtlCmd[48]	
Controller.Micro850.Micro850.Test.FB_PAW_CLOSE_1.FB_CTL_ONE_MOTOR_1.LOCAL_OneMotorCtlCmd[49]	
Controller.Micro850.Micro850.Test.FB_PAW_CLOSE_1.FB_CTL_ONE_MOTOR_1.LOCAL_OneMotorCtlCmd[5]	
Controller.Micro850.Micro850.Test.FB_PAW_CLOSE_1.FB_CTL_ONE_MOTOR_1.LOCAL_OneMotorCtlCmd[50]	
Controller.Micro850.Micro850.Test.FB_PAW_CLOSE_1.FB_CTL_ONE_MOTOR_1.LOCAL_OneMotorCtlCmd[51]	
Controller.Micro850.Micro850.Test.FB_PAW_CLOSE_1.FB_CTL_ONE_MOTOR_1.LOCAL_OneMotorCtlCmd[52]	
Controller.Micro850.Micro850.Test.FB_PAW_CLOSE_1.FB_CTL_ONE_MOTOR_1.LOCAL_OneMotorCtlCmd[53]	
Controller.Micro850.Micro850.Test.FB_PAW_CLOSE_1.FB_CTL_ONE_MOTOR_1.LOCAL_OneMotorCtlCmd[54]	
Controller.Micro850.Micro850.Test.FB_PAW_CLOSE_1.FB_CTL_ONE_MOTOR_1.LOCAL_OneMotorCtlCmd[55]	
Controller.Micro850.Micro850.Test.FB_PAW_CLOSE_1.FB_CTL_ONE_MOTOR_1.LOCAL_OneMotorCtlCmd[56]	
Controller.Micro850.Micro850.Test.FB_PAW_CLOSE_1.FB_CTL_ONE_MOTOR_1.LOCAL_OneMotorCtlCmd[57]	
Controller.Micro850.Micro850.Test.FB_PAW_CLOSE_1.FB_CTL_ONE_MOTOR_1.LOCAL_OneMotorCtlCmd[58]	
Controller.Micro850.Micro850.Test.FB_PAW_CLOSE_1.FB_CTL_ONE_MOTOR_1.LOCAL_OneMotorCtlCmd[59]	
Controller.Micro850.Micro850.Test.FB_PAW_CLOSE_1.FB_CTL_ONE_MOTOR_1.LOCAL_OneMotorCtlCmd[6]	
Controller.Micro850.Micro850.Test.FB_PAW_CLOSE_1.FB_CTL_ONE_MOTOR_1.LOCAL_OneMotorCtlCmd[60]	
Controller.Micro850.Micro850.Test.FB_PAW_CLOSE_1.FB_CTL_ONE_MOTOR_1.LOCAL_OneMotorCtlCmd[61]	
Controller.Micro850.Micro850.Test.FB_PAW_CLOSE_1.FB_CTL_ONE_MOTOR_1.LOCAL_OneMotorCtlCmd[62]	
Controller.Micro850.Micro850.Test.FB_PAW_CLOSE_1.FB_CTL_ONE_MOTOR_1.LOCAL_OneMotorCtlCmd[63]	
Controller.Micro850.Micro850.Test.FB_PAW_CLOSE_1.FB_CTL_ONE_MOTOR_1.LOCAL_OneMotorCtlCmd[64]	
Controller.Micro850.Micro850.Test.FB_PAW_CLOSE_1.FB_CTL_ONE_MOTOR_1.LOCAL_OneMotorCtlCmd[65]	
Controller.Micro850.Micro850.Test.FB_PAW_CLOSE_1.FB_CTL_ONE_MOTOR_1.LOCAL_OneMotorCtlCmd[66]	
Controller.Micro850.Micro850.Test.FB_PAW_CLOSE_1.FB_CTL_ONE_MOTOR_1.LOCAL_OneMotorCtlCmd[67]	
Controller.Micro850.Micro850.Test.FB_PAW_CLOSE_1.FB_CTL_ONE_MOTOR_1.LOCAL_OneMotorCtlCmd[68]	
Controller.Micro850.Micro850.Test.FB_PAW_CLOSE_1.FB_CTL_ONE_MOTOR_1.LOCAL_OneMotorCtlCmd[69]	
Controller.Micro850.Micro850.Test.FB_PAW_CLOSE_1.FB_CTL_ONE_MOTOR_1.LOCAL_OneMotorCtlCmd[7]	
Controller.Micro850.Micro850.Test.FB_PAW_CLOSE_1.FB_CTL_ONE_MOTOR_1.LOCAL_OneMotorCtlCmd[70]	
Controller.Micro850.Micro850.Test.FB_PAW_CLOSE_1.FB_CTL_ONE_MOTOR_1.LOCAL_OneMotorCtlCmd[71]	
Controller.Micro850.Micro850.Test.FB_PAW_CLOSE_1.FB_CTL_ONE_MOTOR_1.LOCAL_OneMotorCtlCmd[72]	
Controller.Micro850.Micro850.Test.FB_PAW_CLOSE_1.FB_CTL_ONE_MOTOR_1.LOCAL_OneMotorCtlCmd[73]	
Controller.Micro850.Micro850.Test.FB_PAW_CLOSE_1.FB_CTL_ONE_MOTOR_1.LOCAL_OneMotorCtlCmd[74]	
Controller.Micro850.Micro850.Test.FB_PAW_CLOSE_1.FB_CTL_ONE_MOTOR_1.LOCAL_OneMotorCtlCmd[75]	
Controller.Micro850.Micro850.Test.FB_PAW_CLOSE_1.FB_CTL_ONE_MOTOR_1.LOCAL_OneMotorCtlCmd[76]	
Controller.Micro850.Micro850.Test.FB_PAW_CLOSE_1.FB_CTL_ONE_MOTOR_1.LOCAL_OneMotorCtlCmd[77]	
Controller.Micro850.Micro850.Test.FB_PAW_CLOSE_1.FB_CTL_ONE_MOTOR_1.LOCAL_OneMotorCtlCmd[78]	
Controller.Micro850.Micro850.Test.FB_PAW_CLOSE_1.FB_CTL_ONE_MOTOR_1.LOCAL_OneMotorCtlCmd[79]	
Controller.Micro850.Micro850.Test.FB_PAW_CLOSE_1.FB_CTL_ONE_MOTOR_1.LOCAL_OneMotorCtlCmd[8]	
Controller.Micro850.Micro850.Test.FB_PAW_CLOSE_1.FB_CTL_ONE_MOTOR_1.LOCAL_OneMotorCtlCmd[80]	
Controller.Micro850.Micro850.Test.FB_PAW_CLOSE_1.FB_CTL_ONE_MOTOR_1.LOCAL_OneMotorCtlCmd[81]	
Controller.Micro850.Micro850.Test.FB_PAW_CLOSE_1.FB_CTL_ONE_MOTOR_1.LOCAL_OneMotorCtlCmd[82]	
Controller.Micro850.Micro850.Test.FB_PAW_CLOSE_1.FB_CTL_ONE_MOTOR_1.LOCAL_OneMotorCtlCmd[9]	
Controller.Micro850.Micro850.Test.FB_PAW_CLOSE_1.FB_CTL_ONE_MOTOR_1.LOCAL_Send_Control	
Controller.Micro850.Micro850.Test.FB_PAW_CLOSE_1.FB_PAW_CLOSE_AWT_CHANNEL	
Controller.Micro850.Micro850.Test.FB_PAW_CLOSE_1.FB_PAW_CLOSE_MOTOR_ID	
Controller.Micro850.Micro850.Test.FB_PAW_CLOSE_1.FB_PAW_CLOSE_Q	
Controller.Micro850.Micro850.Test.FB_PAW_CLOSE_1.FB_PAW_CLOSE_SPEED_TIME	
Controller.Micro850.Micro850.Test.FB_PAW_CLOSE_1.LOCAL_PAW_CLOSE_POS	
Controller.Micro850.Micro850.Test.FB_PAW_OPEN_1.FB_CTL_ONE_MOTOR_1.AWT_1.__ADI_Source	
Controller.Micro850.Micro850.Test.FB_PAW_OPEN_1.FB_CTL_ONE_MOTOR_1.AWT_1.AWTInput.Cancel	
Controller.Micro850.Micro850.Test.FB_PAW_OPEN_1.FB_CTL_ONE_MOTOR_1.AWT_1.AWTInput.Channel	
Controller.Micro850.Micro850.Test.FB_PAW_OPEN_1.FB_CTL_ONE_MOTOR_1.AWT_1.AWTInput.Length	
Controller.Micro850.Micro850.Test.FB_PAW_OPEN_1.FB_CTL_ONE_MOTOR_1.AWT_1.controlbit	
Controller.Micro850.Micro850.Test.FB_PAW_OPEN_1.FB_CTL_ONE_MOTOR_1.AWT_1.Error	
Controller.Micro850.Micro850.Test.FB_PAW_OPEN_1.FB_CTL_ONE_MOTOR_1.AWT_1.ErrorID	
Controller.Micro850.Micro850.Test.FB_PAW_OPEN_1.FB_CTL_ONE_MOTOR_1.AWT_1.IN	
Controller.Micro850.Micro850.Test.FB_PAW_OPEN_1.FB_CTL_ONE_MOTOR_1.AWT_1.NumChar	
Controller.Micro850.Micro850.Test.FB_PAW_OPEN_1.FB_CTL_ONE_MOTOR_1.AWT_1.Q	
Controller.Micro850.Micro850.Test.FB_PAW_OPEN_1.FB_CTL_ONE_MOTOR_1.AWT_1.Source[1]	
Controller.Micro850.Micro850.Test.FB_PAW_OPEN_1.FB_CTL_ONE_MOTOR_1.AWT_1.Source[10]	
Controller.Micro850.Micro850.Test.FB_PAW_OPEN_1.FB_CTL_ONE_MOTOR_1.AWT_1.Source[11]	
Controller.Micro850.Micro850.Test.FB_PAW_OPEN_1.FB_CTL_ONE_MOTOR_1.AWT_1.Source[12]	
Controller.Micro850.Micro850.Test.FB_PAW_OPEN_1.FB_CTL_ONE_MOTOR_1.AWT_1.Source[13]	
Controller.Micro850.Micro850.Test.FB_PAW_OPEN_1.FB_CTL_ONE_MOTOR_1.AWT_1.Source[14]	
Controller.Micro850.Micro850.Test.FB_PAW_OPEN_1.FB_CTL_ONE_MOTOR_1.AWT_1.Source[15]	
Controller.Micro850.Micro850.Test.FB_PAW_OPEN_1.FB_CTL_ONE_MOTOR_1.AWT_1.Source[16]	
Controller.Micro850.Micro850.Test.FB_PAW_OPEN_1.FB_CTL_ONE_MOTOR_1.AWT_1.Source[17]	
Controller.Micro850.Micro850.Test.FB_PAW_OPEN_1.FB_CTL_ONE_MOTOR_1.AWT_1.Source[18]	
Controller.Micro850.Micro850.Test.FB_PAW_OPEN_1.FB_CTL_ONE_MOTOR_1.AWT_1.Source[19]	
Controller.Micro850.Micro850.Test.FB_PAW_OPEN_1.FB_CTL_ONE_MOTOR_1.AWT_1.Source[2]	
Controller.Micro850.Micro850.Test.FB_PAW_OPEN_1.FB_CTL_ONE_MOTOR_1.AWT_1.Source[20]	
Controller.Micro850.Micro850.Test.FB_PAW_OPEN_1.FB_CTL_ONE_MOTOR_1.AWT_1.Source[21]	
Controller.Micro850.Micro850.Test.FB_PAW_OPEN_1.FB_CTL_ONE_MOTOR_1.AWT_1.Source[22]	
Controller.Micro850.Micro850.Test.FB_PAW_OPEN_1.FB_CTL_ONE_MOTOR_1.AWT_1.Source[23]	
Controller.Micro850.Micro850.Test.FB_PAW_OPEN_1.FB_CTL_ONE_MOTOR_1.AWT_1.Source[24]	
Controller.Micro850.Micro850.Test.FB_PAW_OPEN_1.FB_CTL_ONE_MOTOR_1.AWT_1.Source[25]	
Controller.Micro850.Micro850.Test.FB_PAW_OPEN_1.FB_CTL_ONE_MOTOR_1.AWT_1.Source[26]	
Controller.Micro850.Micro850.Test.FB_PAW_OPEN_1.FB_CTL_ONE_MOTOR_1.AWT_1.Source[27]	
Controller.Micro850.Micro850.Test.FB_PAW_OPEN_1.FB_CTL_ONE_MOTOR_1.AWT_1.Source[28]	
Controller.Micro850.Micro850.Test.FB_PAW_OPEN_1.FB_CTL_ONE_MOTOR_1.AWT_1.Source[29]	
Controller.Micro850.Micro850.Test.FB_PAW_OPEN_1.FB_CTL_ONE_MOTOR_1.AWT_1.Source[3]	
Controller.Micro850.Micro850.Test.FB_PAW_OPEN_1.FB_CTL_ONE_MOTOR_1.AWT_1.Source[30]	
Controller.Micro850.Micro850.Test.FB_PAW_OPEN_1.FB_CTL_ONE_MOTOR_1.AWT_1.Source[31]	
Controller.Micro850.Micro850.Test.FB_PAW_OPEN_1.FB_CTL_ONE_MOTOR_1.AWT_1.Source[32]	
Controller.Micro850.Micro850.Test.FB_PAW_OPEN_1.FB_CTL_ONE_MOTOR_1.AWT_1.Source[33]	
Controller.Micro850.Micro850.Test.FB_PAW_OPEN_1.FB_CTL_ONE_MOTOR_1.AWT_1.Source[34]	
Controller.Micro850.Micro850.Test.FB_PAW_OPEN_1.FB_CTL_ONE_MOTOR_1.AWT_1.Source[35]	
Controller.Micro850.Micro850.Test.FB_PAW_OPEN_1.FB_CTL_ONE_MOTOR_1.AWT_1.Source[36]	
Controller.Micro850.Micro850.Test.FB_PAW_OPEN_1.FB_CTL_ONE_MOTOR_1.AWT_1.Source[37]	
Controller.Micro850.Micro850.Test.FB_PAW_OPEN_1.FB_CTL_ONE_MOTOR_1.AWT_1.Source[38]	
Controller.Micro850.Micro850.Test.FB_PAW_OPEN_1.FB_CTL_ONE_MOTOR_1.AWT_1.Source[39]	
Controller.Micro850.Micro850.Test.FB_PAW_OPEN_1.FB_CTL_ONE_MOTOR_1.AWT_1.Source[4]	
Controller.Micro850.Micro850.Test.FB_PAW_OPEN_1.FB_CTL_ONE_MOTOR_1.AWT_1.Source[40]	
Controller.Micro850.Micro850.Test.FB_PAW_OPEN_1.FB_CTL_ONE_MOTOR_1.AWT_1.Source[41]	
Controller.Micro850.Micro850.Test.FB_PAW_OPEN_1.FB_CTL_ONE_MOTOR_1.AWT_1.Source[42]	
Controller.Micro850.Micro850.Test.FB_PAW_OPEN_1.FB_CTL_ONE_MOTOR_1.AWT_1.Source[43]	
Controller.Micro850.Micro850.Test.FB_PAW_OPEN_1.FB_CTL_ONE_MOTOR_1.AWT_1.Source[44]	
Controller.Micro850.Micro850.Test.FB_PAW_OPEN_1.FB_CTL_ONE_MOTOR_1.AWT_1.Source[45]	
Controller.Micro850.Micro850.Test.FB_PAW_OPEN_1.FB_CTL_ONE_MOTOR_1.AWT_1.Source[46]	
Controller.Micro850.Micro850.Test.FB_PAW_OPEN_1.FB_CTL_ONE_MOTOR_1.AWT_1.Source[47]	
Controller.Micro850.Micro850.Test.FB_PAW_OPEN_1.FB_CTL_ONE_MOTOR_1.AWT_1.Source[48]	
Controller.Micro850.Micro850.Test.FB_PAW_OPEN_1.FB_CTL_ONE_MOTOR_1.AWT_1.Source[49]	
Controller.Micro850.Micro850.Test.FB_PAW_OPEN_1.FB_CTL_ONE_MOTOR_1.AWT_1.Source[5]	
Controller.Micro850.Micro850.Test.FB_PAW_OPEN_1.FB_CTL_ONE_MOTOR_1.AWT_1.Source[50]	
Controller.Micro850.Micro850.Test.FB_PAW_OPEN_1.FB_CTL_ONE_MOTOR_1.AWT_1.Source[51]	
Controller.Micro850.Micro850.Test.FB_PAW_OPEN_1.FB_CTL_ONE_MOTOR_1.AWT_1.Source[52]	
Controller.Micro850.Micro850.Test.FB_PAW_OPEN_1.FB_CTL_ONE_MOTOR_1.AWT_1.Source[53]	
Controller.Micro850.Micro850.Test.FB_PAW_OPEN_1.FB_CTL_ONE_MOTOR_1.AWT_1.Source[54]	
Controller.Micro850.Micro850.Test.FB_PAW_OPEN_1.FB_CTL_ONE_MOTOR_1.AWT_1.Source[55]	
Controller.Micro850.Micro850.Test.FB_PAW_OPEN_1.FB_CTL_ONE_MOTOR_1.AWT_1.Source[56]	
Controller.Micro850.Micro850.Test.FB_PAW_OPEN_1.FB_CTL_ONE_MOTOR_1.AWT_1.Source[57]	
Controller.Micro850.Micro850.Test.FB_PAW_OPEN_1.FB_CTL_ONE_MOTOR_1.AWT_1.Source[58]	
Controller.Micro850.Micro850.Test.FB_PAW_OPEN_1.FB_CTL_ONE_MOTOR_1.AWT_1.Source[59]	
Controller.Micro850.Micro850.Test.FB_PAW_OPEN_1.FB_CTL_ONE_MOTOR_1.AWT_1.Source[6]	
Controller.Micro850.Micro850.Test.FB_PAW_OPEN_1.FB_CTL_ONE_MOTOR_1.AWT_1.Source[60]	
Controller.Micro850.Micro850.Test.FB_PAW_OPEN_1.FB_CTL_ONE_MOTOR_1.AWT_1.Source[61]	
Controller.Micro850.Micro850.Test.FB_PAW_OPEN_1.FB_CTL_ONE_MOTOR_1.AWT_1.Source[62]	
Controller.Micro850.Micro850.Test.FB_PAW_OPEN_1.FB_CTL_ONE_MOTOR_1.AWT_1.Source[63]	
Controller.Micro850.Micro850.Test.FB_PAW_OPEN_1.FB_CTL_ONE_MOTOR_1.AWT_1.Source[64]	
Controller.Micro850.Micro850.Test.FB_PAW_OPEN_1.FB_CTL_ONE_MOTOR_1.AWT_1.Source[65]	
Controller.Micro850.Micro850.Test.FB_PAW_OPEN_1.FB_CTL_ONE_MOTOR_1.AWT_1.Source[66]	
Controller.Micro850.Micro850.Test.FB_PAW_OPEN_1.FB_CTL_ONE_MOTOR_1.AWT_1.Source[67]	
Controller.Micro850.Micro850.Test.FB_PAW_OPEN_1.FB_CTL_ONE_MOTOR_1.AWT_1.Source[68]	
Controller.Micro850.Micro850.Test.FB_PAW_OPEN_1.FB_CTL_ONE_MOTOR_1.AWT_1.Source[69]	
Controller.Micro850.Micro850.Test.FB_PAW_OPEN_1.FB_CTL_ONE_MOTOR_1.AWT_1.Source[7]	
Controller.Micro850.Micro850.Test.FB_PAW_OPEN_1.FB_CTL_ONE_MOTOR_1.AWT_1.Source[70]	
Controller.Micro850.Micro850.Test.FB_PAW_OPEN_1.FB_CTL_ONE_MOTOR_1.AWT_1.Source[71]	
Controller.Micro850.Micro850.Test.FB_PAW_OPEN_1.FB_CTL_ONE_MOTOR_1.AWT_1.Source[72]	
Controller.Micro850.Micro850.Test.FB_PAW_OPEN_1.FB_CTL_ONE_MOTOR_1.AWT_1.Source[73]	
Controller.Micro850.Micro850.Test.FB_PAW_OPEN_1.FB_CTL_ONE_MOTOR_1.AWT_1.Source[74]	
Controller.Micro850.Micro850.Test.FB_PAW_OPEN_1.FB_CTL_ONE_MOTOR_1.AWT_1.Source[75]	
Controller.Micro850.Micro850.Test.FB_PAW_OPEN_1.FB_CTL_ONE_MOTOR_1.AWT_1.Source[76]	
Controller.Micro850.Micro850.Test.FB_PAW_OPEN_1.FB_CTL_ONE_MOTOR_1.AWT_1.Source[77]	
Controller.Micro850.Micro850.Test.FB_PAW_OPEN_1.FB_CTL_ONE_MOTOR_1.AWT_1.Source[78]	
Controller.Micro850.Micro850.Test.FB_PAW_OPEN_1.FB_CTL_ONE_MOTOR_1.AWT_1.Source[79]	
Controller.Micro850.Micro850.Test.FB_PAW_OPEN_1.FB_CTL_ONE_MOTOR_1.AWT_1.Source[8]	
Controller.Micro850.Micro850.Test.FB_PAW_OPEN_1.FB_CTL_ONE_MOTOR_1.AWT_1.Source[80]	
Controller.Micro850.Micro850.Test.FB_PAW_OPEN_1.FB_CTL_ONE_MOTOR_1.AWT_1.Source[81]	
Controller.Micro850.Micro850.Test.FB_PAW_OPEN_1.FB_CTL_ONE_MOTOR_1.AWT_1.Source[82]	
Controller.Micro850.Micro850.Test.FB_PAW_OPEN_1.FB_CTL_ONE_MOTOR_1.AWT_1.Source[9]	
Controller.Micro850.Micro850.Test.FB_PAW_OPEN_1.FB_CTL_ONE_MOTOR_1.FB_ONE_MOTOR_AWT_CHANNEL	
Controller.Micro850.Micro850.Test.FB_PAW_OPEN_1.FB_CTL_ONE_MOTOR_1.FB_ONE_MOTOR_ID	
Controller.Micro850.Micro850.Test.FB_PAW_OPEN_1.FB_CTL_ONE_MOTOR_1.FB_ONE_MOTOR_POS	
Controller.Micro850.Micro850.Test.FB_PAW_OPEN_1.FB_CTL_ONE_MOTOR_1.FB_ONE_MOTOR_Q	
Controller.Micro850.Micro850.Test.FB_PAW_OPEN_1.FB_CTL_ONE_MOTOR_1.FB_ONE_MOTOR_SPEED_TIME	
Controller.Micro850.Micro850.Test.FB_PAW_OPEN_1.FB_CTL_ONE_MOTOR_1.LOCAL_AWT_INPUT.Cancel	
Controller.Micro850.Micro850.Test.FB_PAW_OPEN_1.FB_CTL_ONE_MOTOR_1.LOCAL_AWT_INPUT.Channel	
Controller.Micro850.Micro850.Test.FB_PAW_OPEN_1.FB_CTL_ONE_MOTOR_1.LOCAL_AWT_INPUT.Length	
Controller.Micro850.Micro850.Test.FB_PAW_OPEN_1.FB_CTL_ONE_MOTOR_1.LOCAL_K	
Controller.Micro850.Micro850.Test.FB_PAW_OPEN_1.FB_CTL_ONE_MOTOR_1.LOCAL_MOTOR_POS	
Controller.Micro850.Micro850.Test.FB_PAW_OPEN_1.FB_CTL_ONE_MOTOR_1.LOCAL_OneMotorCtlCmd[1]	
Controller.Micro850.Micro850.Test.FB_PAW_OPEN_1.FB_CTL_ONE_MOTOR_1.LOCAL_OneMotorCtlCmd[10]	
Controller.Micro850.Micro850.Test.FB_PAW_OPEN_1.FB_CTL_ONE_MOTOR_1.LOCAL_OneMotorCtlCmd[11]	
Controller.Micro850.Micro850.Test.FB_PAW_OPEN_1.FB_CTL_ONE_MOTOR_1.LOCAL_OneMotorCtlCmd[12]	
Controller.Micro850.Micro850.Test.FB_PAW_OPEN_1.FB_CTL_ONE_MOTOR_1.LOCAL_OneMotorCtlCmd[13]	
Controller.Micro850.Micro850.Test.FB_PAW_OPEN_1.FB_CTL_ONE_MOTOR_1.LOCAL_OneMotorCtlCmd[14]	
Controller.Micro850.Micro850.Test.FB_PAW_OPEN_1.FB_CTL_ONE_MOTOR_1.LOCAL_OneMotorCtlCmd[15]	
Controller.Micro850.Micro850.Test.FB_PAW_OPEN_1.FB_CTL_ONE_MOTOR_1.LOCAL_OneMotorCtlCmd[16]	
Controller.Micro850.Micro850.Test.FB_PAW_OPEN_1.FB_CTL_ONE_MOTOR_1.LOCAL_OneMotorCtlCmd[17]	
Controller.Micro850.Micro850.Test.FB_PAW_OPEN_1.FB_CTL_ONE_MOTOR_1.LOCAL_OneMotorCtlCmd[18]	
Controller.Micro850.Micro850.Test.FB_PAW_OPEN_1.FB_CTL_ONE_MOTOR_1.LOCAL_OneMotorCtlCmd[19]	
Controller.Micro850.Micro850.Test.FB_PAW_OPEN_1.FB_CTL_ONE_MOTOR_1.LOCAL_OneMotorCtlCmd[2]	
Controller.Micro850.Micro850.Test.FB_PAW_OPEN_1.FB_CTL_ONE_MOTOR_1.LOCAL_OneMotorCtlCmd[20]	
Controller.Micro850.Micro850.Test.FB_PAW_OPEN_1.FB_CTL_ONE_MOTOR_1.LOCAL_OneMotorCtlCmd[21]	
Controller.Micro850.Micro850.Test.FB_PAW_OPEN_1.FB_CTL_ONE_MOTOR_1.LOCAL_OneMotorCtlCmd[22]	
Controller.Micro850.Micro850.Test.FB_PAW_OPEN_1.FB_CTL_ONE_MOTOR_1.LOCAL_OneMotorCtlCmd[23]	
Controller.Micro850.Micro850.Test.FB_PAW_OPEN_1.FB_CTL_ONE_MOTOR_1.LOCAL_OneMotorCtlCmd[24]	
Controller.Micro850.Micro850.Test.FB_PAW_OPEN_1.FB_CTL_ONE_MOTOR_1.LOCAL_OneMotorCtlCmd[25]	
Controller.Micro850.Micro850.Test.FB_PAW_OPEN_1.FB_CTL_ONE_MOTOR_1.LOCAL_OneMotorCtlCmd[26]	
Controller.Micro850.Micro850.Test.FB_PAW_OPEN_1.FB_CTL_ONE_MOTOR_1.LOCAL_OneMotorCtlCmd[27]	
Controller.Micro850.Micro850.Test.FB_PAW_OPEN_1.FB_CTL_ONE_MOTOR_1.LOCAL_OneMotorCtlCmd[28]	
Controller.Micro850.Micro850.Test.FB_PAW_OPEN_1.FB_CTL_ONE_MOTOR_1.LOCAL_OneMotorCtlCmd[29]	
Controller.Micro850.Micro850.Test.FB_PAW_OPEN_1.FB_CTL_ONE_MOTOR_1.LOCAL_OneMotorCtlCmd[3]	
Controller.Micro850.Micro850.Test.FB_PAW_OPEN_1.FB_CTL_ONE_MOTOR_1.LOCAL_OneMotorCtlCmd[30]	
Controller.Micro850.Micro850.Test.FB_PAW_OPEN_1.FB_CTL_ONE_MOTOR_1.LOCAL_OneMotorCtlCmd[31]	
Controller.Micro850.Micro850.Test.FB_PAW_OPEN_1.FB_CTL_ONE_MOTOR_1.LOCAL_OneMotorCtlCmd[32]	
Controller.Micro850.Micro850.Test.FB_PAW_OPEN_1.FB_CTL_ONE_MOTOR_1.LOCAL_OneMotorCtlCmd[33]	
Controller.Micro850.Micro850.Test.FB_PAW_OPEN_1.FB_CTL_ONE_MOTOR_1.LOCAL_OneMotorCtlCmd[34]	
Controller.Micro850.Micro850.Test.FB_PAW_OPEN_1.FB_CTL_ONE_MOTOR_1.LOCAL_OneMotorCtlCmd[35]	
Controller.Micro850.Micro850.Test.FB_PAW_OPEN_1.FB_CTL_ONE_MOTOR_1.LOCAL_OneMotorCtlCmd[36]	
Controller.Micro850.Micro850.Test.FB_PAW_OPEN_1.FB_CTL_ONE_MOTOR_1.LOCAL_OneMotorCtlCmd[37]	
Controller.Micro850.Micro850.Test.FB_PAW_OPEN_1.FB_CTL_ONE_MOTOR_1.LOCAL_OneMotorCtlCmd[38]	
Controller.Micro850.Micro850.Test.FB_PAW_OPEN_1.FB_CTL_ONE_MOTOR_1.LOCAL_OneMotorCtlCmd[39]	
Controller.Micro850.Micro850.Test.FB_PAW_OPEN_1.FB_CTL_ONE_MOTOR_1.LOCAL_OneMotorCtlCmd[4]	
Controller.Micro850.Micro850.Test.FB_PAW_OPEN_1.FB_CTL_ONE_MOTOR_1.LOCAL_OneMotorCtlCmd[40]	
Controller.Micro850.Micro850.Test.FB_PAW_OPEN_1.FB_CTL_ONE_MOTOR_1.LOCAL_OneMotorCtlCmd[41]	
Controller.Micro850.Micro850.Test.FB_PAW_OPEN_1.FB_CTL_ONE_MOTOR_1.LOCAL_OneMotorCtlCmd[42]	
Controller.Micro850.Micro850.Test.FB_PAW_OPEN_1.FB_CTL_ONE_MOTOR_1.LOCAL_OneMotorCtlCmd[43]	
Controller.Micro850.Micro850.Test.FB_PAW_OPEN_1.FB_CTL_ONE_MOTOR_1.LOCAL_OneMotorCtlCmd[44]	
Controller.Micro850.Micro850.Test.FB_PAW_OPEN_1.FB_CTL_ONE_MOTOR_1.LOCAL_OneMotorCtlCmd[45]	
Controller.Micro850.Micro850.Test.FB_PAW_OPEN_1.FB_CTL_ONE_MOTOR_1.LOCAL_OneMotorCtlCmd[46]	
Controller.Micro850.Micro850.Test.FB_PAW_OPEN_1.FB_CTL_ONE_MOTOR_1.LOCAL_OneMotorCtlCmd[47]	
Controller.Micro850.Micro850.Test.FB_PAW_OPEN_1.FB_CTL_ONE_MOTOR_1.LOCAL_OneMotorCtlCmd[48]	
Controller.Micro850.Micro850.Test.FB_PAW_OPEN_1.FB_CTL_ONE_MOTOR_1.LOCAL_OneMotorCtlCmd[49]	
Controller.Micro850.Micro850.Test.FB_PAW_OPEN_1.FB_CTL_ONE_MOTOR_1.LOCAL_OneMotorCtlCmd[5]	
Controller.Micro850.Micro850.Test.FB_PAW_OPEN_1.FB_CTL_ONE_MOTOR_1.LOCAL_OneMotorCtlCmd[50]	
Controller.Micro850.Micro850.Test.FB_PAW_OPEN_1.FB_CTL_ONE_MOTOR_1.LOCAL_OneMotorCtlCmd[51]	
Controller.Micro850.Micro850.Test.FB_PAW_OPEN_1.FB_CTL_ONE_MOTOR_1.LOCAL_OneMotorCtlCmd[52]	
Controller.Micro850.Micro850.Test.FB_PAW_OPEN_1.FB_CTL_ONE_MOTOR_1.LOCAL_OneMotorCtlCmd[53]	
Controller.Micro850.Micro850.Test.FB_PAW_OPEN_1.FB_CTL_ONE_MOTOR_1.LOCAL_OneMotorCtlCmd[54]	
Controller.Micro850.Micro850.Test.FB_PAW_OPEN_1.FB_CTL_ONE_MOTOR_1.LOCAL_OneMotorCtlCmd[55]	
Controller.Micro850.Micro850.Test.FB_PAW_OPEN_1.FB_CTL_ONE_MOTOR_1.LOCAL_OneMotorCtlCmd[56]	
Controller.Micro850.Micro850.Test.FB_PAW_OPEN_1.FB_CTL_ONE_MOTOR_1.LOCAL_OneMotorCtlCmd[57]	
Controller.Micro850.Micro850.Test.FB_PAW_OPEN_1.FB_CTL_ONE_MOTOR_1.LOCAL_OneMotorCtlCmd[58]	
Controller.Micro850.Micro850.Test.FB_PAW_OPEN_1.FB_CTL_ONE_MOTOR_1.LOCAL_OneMotorCtlCmd[59]	
Controller.Micro850.Micro850.Test.FB_PAW_OPEN_1.FB_CTL_ONE_MOTOR_1.LOCAL_OneMotorCtlCmd[6]	
Controller.Micro850.Micro850.Test.FB_PAW_OPEN_1.FB_CTL_ONE_MOTOR_1.LOCAL_OneMotorCtlCmd[60]	
Controller.Micro850.Micro850.Test.FB_PAW_OPEN_1.FB_CTL_ONE_MOTOR_1.LOCAL_OneMotorCtlCmd[61]	
Controller.Micro850.Micro850.Test.FB_PAW_OPEN_1.FB_CTL_ONE_MOTOR_1.LOCAL_OneMotorCtlCmd[62]	
Controller.Micro850.Micro850.Test.FB_PAW_OPEN_1.FB_CTL_ONE_MOTOR_1.LOCAL_OneMotorCtlCmd[63]	
Controller.Micro850.Micro850.Test.FB_PAW_OPEN_1.FB_CTL_ONE_MOTOR_1.LOCAL_OneMotorCtlCmd[64]	
Controller.Micro850.Micro850.Test.FB_PAW_OPEN_1.FB_CTL_ONE_MOTOR_1.LOCAL_OneMotorCtlCmd[65]	
Controller.Micro850.Micro850.Test.FB_PAW_OPEN_1.FB_CTL_ONE_MOTOR_1.LOCAL_OneMotorCtlCmd[66]	
Controller.Micro850.Micro850.Test.FB_PAW_OPEN_1.FB_CTL_ONE_MOTOR_1.LOCAL_OneMotorCtlCmd[67]	
Controller.Micro850.Micro850.Test.FB_PAW_OPEN_1.FB_CTL_ONE_MOTOR_1.LOCAL_OneMotorCtlCmd[68]	
Controller.Micro850.Micro850.Test.FB_PAW_OPEN_1.FB_CTL_ONE_MOTOR_1.LOCAL_OneMotorCtlCmd[69]	
Controller.Micro850.Micro850.Test.FB_PAW_OPEN_1.FB_CTL_ONE_MOTOR_1.LOCAL_OneMotorCtlCmd[7]	
Controller.Micro850.Micro850.Test.FB_PAW_OPEN_1.FB_CTL_ONE_MOTOR_1.LOCAL_OneMotorCtlCmd[70]	
Controller.Micro850.Micro850.Test.FB_PAW_OPEN_1.FB_CTL_ONE_MOTOR_1.LOCAL_OneMotorCtlCmd[71]	
Controller.Micro850.Micro850.Test.FB_PAW_OPEN_1.FB_CTL_ONE_MOTOR_1.LOCAL_OneMotorCtlCmd[72]	
Controller.Micro850.Micro850.Test.FB_PAW_OPEN_1.FB_CTL_ONE_MOTOR_1.LOCAL_OneMotorCtlCmd[73]	
Controller.Micro850.Micro850.Test.FB_PAW_OPEN_1.FB_CTL_ONE_MOTOR_1.LOCAL_OneMotorCtlCmd[74]	
Controller.Micro850.Micro850.Test.FB_PAW_OPEN_1.FB_CTL_ONE_MOTOR_1.LOCAL_OneMotorCtlCmd[75]	
Controller.Micro850.Micro850.Test.FB_PAW_OPEN_1.FB_CTL_ONE_MOTOR_1.LOCAL_OneMotorCtlCmd[76]	
Controller.Micro850.Micro850.Test.FB_PAW_OPEN_1.FB_CTL_ONE_MOTOR_1.LOCAL_OneMotorCtlCmd[77]	
Controller.Micro850.Micro850.Test.FB_PAW_OPEN_1.FB_CTL_ONE_MOTOR_1.LOCAL_OneMotorCtlCmd[78]	
Controller.Micro850.Micro850.Test.FB_PAW_OPEN_1.FB_CTL_ONE_MOTOR_1.LOCAL_OneMotorCtlCmd[79]	
Controller.Micro850.Micro850.Test.FB_PAW_OPEN_1.FB_CTL_ONE_MOTOR_1.LOCAL_OneMotorCtlCmd[8]	
Controller.Micro850.Micro850.Test.FB_PAW_OPEN_1.FB_CTL_ONE_MOTOR_1.LOCAL_OneMotorCtlCmd[80]	
Controller.Micro850.Micro850.Test.FB_PAW_OPEN_1.FB_CTL_ONE_MOTOR_1.LOCAL_OneMotorCtlCmd[81]	
Controller.Micro850.Micro850.Test.FB_PAW_OPEN_1.FB_CTL_ONE_MOTOR_1.LOCAL_OneMotorCtlCmd[82]	
Controller.Micro850.Micro850.Test.FB_PAW_OPEN_1.FB_CTL_ONE_MOTOR_1.LOCAL_OneMotorCtlCmd[9]	
Controller.Micro850.Micro850.Test.FB_PAW_OPEN_1.FB_CTL_ONE_MOTOR_1.LOCAL_Send_Control	
Controller.Micro850.Micro850.Test.FB_PAW_OPEN_1.FB_PAW_OPEN_AWT_CHANNEL	
Controller.Micro850.Micro850.Test.FB_PAW_OPEN_1.FB_PAW_OPEN_MOTOR_ID	
Controller.Micro850.Micro850.Test.FB_PAW_OPEN_1.FB_PAW_OPEN_Q	
Controller.Micro850.Micro850.Test.FB_PAW_OPEN_1.FB_PAW_OPEN_SPEED_TIME	
Controller.Micro850.Micro850.Test.FB_PAW_OPEN_1.LOCAL_PAW_OPEN_POS	
Controller.Micro850.Micro850.Test.Target_Motor	
Controller.Micro850.Micro850.Test.Target_Pos	
Controller.Micro850.Micro850.Test.TONOFF_1.ET	
Controller.Micro850.Micro850.Test.TONOFF_1.FEDGE	
Controller.Micro850.Micro850.Test.TONOFF_1.IN	
Controller.Micro850.Micro850.Test.TONOFF_1.PDATE	
Controller.Micro850.Micro850.Test.TONOFF_1.PT	
Controller.Micro850.Micro850.Test.TONOFF_1.PTOF	
Controller.Micro850.Micro850.Test.TONOFF_1.Q	
Controller.Micro850.Micro850.Test.TONOFF_1.REDGE	
