Controller.Micro830.Micro830.__SYSVA_ABORT_CYCLE	
Controller.Micro830.Micro830.__SYSVA_CCEXEC	
Controller.Micro830.Micro830.__SYSVA_CYCLECNT	
Controller.Micro830.Micro830.__SYSVA_CYCLEDATE	
Controller.Micro830.Micro830.__SYSVA_FIRST_SCAN	
Controller.Micro830.Micro830.__SYSVA_KVBCERR	
Controller.Micro830.Micro830.__SYSVA_KVBPERR	
Controller.Micro830.Micro830.__SYSVA_MAJ_ERR_HALT	
Controller.Micro830.Micro830.__SYSVA_POWERUP_BIT	
Controller.Micro830.Micro830.__SYSVA_PROJ_INCOMPLETE	
Controller.Micro830.Micro830.__SYSVA_REMOTE	
Controller.Micro830.Micro830.__SYSVA_RESMODE	
Controller.Micro830.Micro830.__SYSVA_RESNAME	
Controller.Micro830.Micro830.__SYSVA_SCANCNT	
Controller.Micro830.Micro830.__SYSVA_SUSPEND_ID	
Controller.Micro830.Micro830.__SYSVA_TCYCURRENT	
Controller.Micro830.Micro830.__SYSVA_TCYCYCTIME	
Controller.Micro830.Micro830.__SYSVA_TCYMAXIMUM	
Controller.Micro830.Micro830.__SYSVA_TCYOVERFLOW	
Controller.Micro830.Micro830.__SYSVA_TCYWDG	
Controller.Micro830.Micro830.__SYSVA_USER_DATA_LOST	
Controller.Micro830.Micro830._IO_EM_DI_00	
Controller.Micro830.Micro830._IO_EM_DI_01	
Controller.Micro830.Micro830._IO_EM_DI_02	
Controller.Micro830.Micro830._IO_EM_DI_03	
Controller.Micro830.Micro830._IO_EM_DI_04	
Controller.Micro830.Micro830._IO_EM_DI_05	
Controller.Micro830.Micro830._IO_EM_DI_06	
Controller.Micro830.Micro830._IO_EM_DI_07	
Controller.Micro830.Micro830._IO_EM_DI_08	
Controller.Micro830.Micro830._IO_EM_DI_09	
Controller.Micro830.Micro830._IO_EM_DI_10	
Controller.Micro830.Micro830._IO_EM_DI_11	
Controller.Micro830.Micro830._IO_EM_DI_12	
Controller.Micro830.Micro830._IO_EM_DI_13	
Controller.Micro830.Micro830._IO_EM_DI_14	
Controller.Micro830.Micro830._IO_EM_DI_15	
Controller.Micro830.Micro830._IO_EM_DI_16	
Controller.Micro830.Micro830._IO_EM_DI_17	
Controller.Micro830.Micro830._IO_EM_DI_18	
Controller.Micro830.Micro830._IO_EM_DI_19	
Controller.Micro830.Micro830._IO_EM_DI_20	
Controller.Micro830.Micro830._IO_EM_DI_21	
Controller.Micro830.Micro830._IO_EM_DI_22	
Controller.Micro830.Micro830._IO_EM_DI_23	
Controller.Micro830.Micro830._IO_EM_DI_24	
Controller.Micro830.Micro830._IO_EM_DI_25	
Controller.Micro830.Micro830._IO_EM_DI_26	
Controller.Micro830.Micro830._IO_EM_DI_27	
Controller.Micro830.Micro830._IO_EM_DO_00	
Controller.Micro830.Micro830._IO_EM_DO_01	
Controller.Micro830.Micro830._IO_EM_DO_02	
Controller.Micro830.Micro830._IO_EM_DO_03	
Controller.Micro830.Micro830._IO_EM_DO_04	
Controller.Micro830.Micro830._IO_EM_DO_05	
Controller.Micro830.Micro830._IO_EM_DO_06	
Controller.Micro830.Micro830._IO_EM_DO_07	
Controller.Micro830.Micro830._IO_EM_DO_08	
Controller.Micro830.Micro830._IO_EM_DO_09	
Controller.Micro830.Micro830._IO_EM_DO_10	
Controller.Micro830.Micro830._IO_EM_DO_11	
Controller.Micro830.Micro830._IO_EM_DO_12	
Controller.Micro830.Micro830._IO_EM_DO_13	
Controller.Micro830.Micro830._IO_EM_DO_14	
Controller.Micro830.Micro830._IO_EM_DO_15	
Controller.Micro830.Micro830._IO_EM_DO_16	
Controller.Micro830.Micro830._IO_EM_DO_17	
Controller.Micro830.Micro830._IO_EM_DO_18	
Controller.Micro830.Micro830._IO_EM_DO_19	
Controller.Micro830.Micro830._MOTION_DIAG.CurrentEngineInterval	
Controller.Micro830.Micro830._MOTION_DIAG.CurrentScanTime	
Controller.Micro830.Micro830._MOTION_DIAG.EngineState	
Controller.Micro830.Micro830._MOTION_DIAG.ExtraData	
Controller.Micro830.Micro830._MOTION_DIAG.MaxEngineInterval	
Controller.Micro830.Micro830._MOTION_DIAG.MaxScanTime	
Controller.Micro830.Micro830.Axis1.AccelFlag	
Controller.Micro830.Micro830.Axis1.AxisHomed	
Controller.Micro830.Micro830.Axis1.AxisNo	
Controller.Micro830.Micro830.Axis1.AxisState	
Controller.Micro830.Micro830.Axis1.CommandPos	
Controller.Micro830.Micro830.Axis1.CommandVel	
Controller.Micro830.Micro830.Axis1.ConstVel	
Controller.Micro830.Micro830.Axis1.DecelFlag	
Controller.Micro830.Micro830.Axis1.ErrorFlag	
Controller.Micro830.Micro830.Axis1.ErrorID	
Controller.Micro830.Micro830.Axis1.ExtraData	
Controller.Micro830.Micro830.Axis1.TargetPos	
Controller.Micro830.Micro830.Axis1.TargetVel	
Controller.Micro830.Micro830.mcp_axisIn	
Controller.Micro830.Micro830.Prog1.b_start	
Controller.Micro830.Micro830.Prog1.b_start_r	
Controller.Micro830.Micro830.Prog1.JerkD	
Controller.Micro830.Micro830.Prog1.mc_error	
Controller.Micro830.Micro830.Prog1.MC_MoveVelocity_1.Acceleration	
Controller.Micro830.Micro830.Prog1.MC_MoveVelocity_1.Active	
Controller.Micro830.Micro830.Prog1.MC_MoveVelocity_1.Axis.AccelFlag	
Controller.Micro830.Micro830.Prog1.MC_MoveVelocity_1.Axis.AxisHomed	
Controller.Micro830.Micro830.Prog1.MC_MoveVelocity_1.Axis.AxisNo	
Controller.Micro830.Micro830.Prog1.MC_MoveVelocity_1.Axis.AxisState	
Controller.Micro830.Micro830.Prog1.MC_MoveVelocity_1.Axis.CommandPos	
Controller.Micro830.Micro830.Prog1.MC_MoveVelocity_1.Axis.CommandVel	
Controller.Micro830.Micro830.Prog1.MC_MoveVelocity_1.Axis.ConstVel	
Controller.Micro830.Micro830.Prog1.MC_MoveVelocity_1.Axis.DecelFlag	
Controller.Micro830.Micro830.Prog1.MC_MoveVelocity_1.Axis.ErrorFlag	
Controller.Micro830.Micro830.Prog1.MC_MoveVelocity_1.Axis.ErrorID	
Controller.Micro830.Micro830.Prog1.MC_MoveVelocity_1.Axis.ExtraData	
Controller.Micro830.Micro830.Prog1.MC_MoveVelocity_1.Axis.TargetPos	
Controller.Micro830.Micro830.Prog1.MC_MoveVelocity_1.Axis.TargetVel	
Controller.Micro830.Micro830.Prog1.MC_MoveVelocity_1.AxisIn.AccelFlag	
Controller.Micro830.Micro830.Prog1.MC_MoveVelocity_1.AxisIn.AxisHomed	
Controller.Micro830.Micro830.Prog1.MC_MoveVelocity_1.AxisIn.AxisNo	
Controller.Micro830.Micro830.Prog1.MC_MoveVelocity_1.AxisIn.AxisState	
Controller.Micro830.Micro830.Prog1.MC_MoveVelocity_1.AxisIn.CommandPos	
Controller.Micro830.Micro830.Prog1.MC_MoveVelocity_1.AxisIn.CommandVel	
Controller.Micro830.Micro830.Prog1.MC_MoveVelocity_1.AxisIn.ConstVel	
Controller.Micro830.Micro830.Prog1.MC_MoveVelocity_1.AxisIn.DecelFlag	
Controller.Micro830.Micro830.Prog1.MC_MoveVelocity_1.AxisIn.ErrorFlag	
Controller.Micro830.Micro830.Prog1.MC_MoveVelocity_1.AxisIn.ErrorID	
Controller.Micro830.Micro830.Prog1.MC_MoveVelocity_1.AxisIn.ExtraData	
Controller.Micro830.Micro830.Prog1.MC_MoveVelocity_1.AxisIn.TargetPos	
Controller.Micro830.Micro830.Prog1.MC_MoveVelocity_1.AxisIn.TargetVel	
Controller.Micro830.Micro830.Prog1.MC_MoveVelocity_1.AxisSaved.AccelFlag	
Controller.Micro830.Micro830.Prog1.MC_MoveVelocity_1.AxisSaved.AxisHomed	
Controller.Micro830.Micro830.Prog1.MC_MoveVelocity_1.AxisSaved.AxisNo	
Controller.Micro830.Micro830.Prog1.MC_MoveVelocity_1.AxisSaved.AxisState	
Controller.Micro830.Micro830.Prog1.MC_MoveVelocity_1.AxisSaved.CommandPos	
Controller.Micro830.Micro830.Prog1.MC_MoveVelocity_1.AxisSaved.CommandVel	
Controller.Micro830.Micro830.Prog1.MC_MoveVelocity_1.AxisSaved.ConstVel	
Controller.Micro830.Micro830.Prog1.MC_MoveVelocity_1.AxisSaved.DecelFlag	
Controller.Micro830.Micro830.Prog1.MC_MoveVelocity_1.AxisSaved.ErrorFlag	
Controller.Micro830.Micro830.Prog1.MC_MoveVelocity_1.AxisSaved.ErrorID	
Controller.Micro830.Micro830.Prog1.MC_MoveVelocity_1.AxisSaved.ExtraData	
Controller.Micro830.Micro830.Prog1.MC_MoveVelocity_1.AxisSaved.TargetPos	
Controller.Micro830.Micro830.Prog1.MC_MoveVelocity_1.AxisSaved.TargetVel	
Controller.Micro830.Micro830.Prog1.MC_MoveVelocity_1.BufferMode	
Controller.Micro830.Micro830.Prog1.MC_MoveVelocity_1.Busy	
Controller.Micro830.Micro830.Prog1.MC_MoveVelocity_1.CommandAborted	
Controller.Micro830.Micro830.Prog1.MC_MoveVelocity_1.Deceleration	
Controller.Micro830.Micro830.Prog1.MC_MoveVelocity_1.Direction	
Controller.Micro830.Micro830.Prog1.MC_MoveVelocity_1.DirectionIn	
Controller.Micro830.Micro830.Prog1.MC_MoveVelocity_1.Error	
Controller.Micro830.Micro830.Prog1.MC_MoveVelocity_1.ErrorID	
Controller.Micro830.Micro830.Prog1.MC_MoveVelocity_1.ExecEdge	
Controller.Micro830.Micro830.Prog1.MC_MoveVelocity_1.Execute	
Controller.Micro830.Micro830.Prog1.MC_MoveVelocity_1.InVelocity	
Controller.Micro830.Micro830.Prog1.MC_MoveVelocity_1.Jerk	
Controller.Micro830.Micro830.Prog1.MC_MoveVelocity_1.Velocity	
Controller.Micro830.Micro830.Prog1.MC_MoveVelocity_2.Acceleration	
Controller.Micro830.Micro830.Prog1.MC_MoveVelocity_2.Active	
Controller.Micro830.Micro830.Prog1.MC_MoveVelocity_2.Axis.AccelFlag	
Controller.Micro830.Micro830.Prog1.MC_MoveVelocity_2.Axis.AxisHomed	
Controller.Micro830.Micro830.Prog1.MC_MoveVelocity_2.Axis.AxisNo	
Controller.Micro830.Micro830.Prog1.MC_MoveVelocity_2.Axis.AxisState	
Controller.Micro830.Micro830.Prog1.MC_MoveVelocity_2.Axis.CommandPos	
Controller.Micro830.Micro830.Prog1.MC_MoveVelocity_2.Axis.CommandVel	
Controller.Micro830.Micro830.Prog1.MC_MoveVelocity_2.Axis.ConstVel	
Controller.Micro830.Micro830.Prog1.MC_MoveVelocity_2.Axis.DecelFlag	
Controller.Micro830.Micro830.Prog1.MC_MoveVelocity_2.Axis.ErrorFlag	
Controller.Micro830.Micro830.Prog1.MC_MoveVelocity_2.Axis.ErrorID	
Controller.Micro830.Micro830.Prog1.MC_MoveVelocity_2.Axis.ExtraData	
Controller.Micro830.Micro830.Prog1.MC_MoveVelocity_2.Axis.TargetPos	
Controller.Micro830.Micro830.Prog1.MC_MoveVelocity_2.Axis.TargetVel	
Controller.Micro830.Micro830.Prog1.MC_MoveVelocity_2.AxisIn.AccelFlag	
Controller.Micro830.Micro830.Prog1.MC_MoveVelocity_2.AxisIn.AxisHomed	
Controller.Micro830.Micro830.Prog1.MC_MoveVelocity_2.AxisIn.AxisNo	
Controller.Micro830.Micro830.Prog1.MC_MoveVelocity_2.AxisIn.AxisState	
Controller.Micro830.Micro830.Prog1.MC_MoveVelocity_2.AxisIn.CommandPos	
Controller.Micro830.Micro830.Prog1.MC_MoveVelocity_2.AxisIn.CommandVel	
Controller.Micro830.Micro830.Prog1.MC_MoveVelocity_2.AxisIn.ConstVel	
Controller.Micro830.Micro830.Prog1.MC_MoveVelocity_2.AxisIn.DecelFlag	
Controller.Micro830.Micro830.Prog1.MC_MoveVelocity_2.AxisIn.ErrorFlag	
Controller.Micro830.Micro830.Prog1.MC_MoveVelocity_2.AxisIn.ErrorID	
Controller.Micro830.Micro830.Prog1.MC_MoveVelocity_2.AxisIn.ExtraData	
Controller.Micro830.Micro830.Prog1.MC_MoveVelocity_2.AxisIn.TargetPos	
Controller.Micro830.Micro830.Prog1.MC_MoveVelocity_2.AxisIn.TargetVel	
Controller.Micro830.Micro830.Prog1.MC_MoveVelocity_2.AxisSaved.AccelFlag	
Controller.Micro830.Micro830.Prog1.MC_MoveVelocity_2.AxisSaved.AxisHomed	
Controller.Micro830.Micro830.Prog1.MC_MoveVelocity_2.AxisSaved.AxisNo	
Controller.Micro830.Micro830.Prog1.MC_MoveVelocity_2.AxisSaved.AxisState	
Controller.Micro830.Micro830.Prog1.MC_MoveVelocity_2.AxisSaved.CommandPos	
Controller.Micro830.Micro830.Prog1.MC_MoveVelocity_2.AxisSaved.CommandVel	
Controller.Micro830.Micro830.Prog1.MC_MoveVelocity_2.AxisSaved.ConstVel	
Controller.Micro830.Micro830.Prog1.MC_MoveVelocity_2.AxisSaved.DecelFlag	
Controller.Micro830.Micro830.Prog1.MC_MoveVelocity_2.AxisSaved.ErrorFlag	
Controller.Micro830.Micro830.Prog1.MC_MoveVelocity_2.AxisSaved.ErrorID	
Controller.Micro830.Micro830.Prog1.MC_MoveVelocity_2.AxisSaved.ExtraData	
Controller.Micro830.Micro830.Prog1.MC_MoveVelocity_2.AxisSaved.TargetPos	
Controller.Micro830.Micro830.Prog1.MC_MoveVelocity_2.AxisSaved.TargetVel	
Controller.Micro830.Micro830.Prog1.MC_MoveVelocity_2.BufferMode	
Controller.Micro830.Micro830.Prog1.MC_MoveVelocity_2.Busy	
Controller.Micro830.Micro830.Prog1.MC_MoveVelocity_2.CommandAborted	
Controller.Micro830.Micro830.Prog1.MC_MoveVelocity_2.Deceleration	
Controller.Micro830.Micro830.Prog1.MC_MoveVelocity_2.Direction	
Controller.Micro830.Micro830.Prog1.MC_MoveVelocity_2.DirectionIn	
Controller.Micro830.Micro830.Prog1.MC_MoveVelocity_2.Error	
Controller.Micro830.Micro830.Prog1.MC_MoveVelocity_2.ErrorID	
Controller.Micro830.Micro830.Prog1.MC_MoveVelocity_2.ExecEdge	
Controller.Micro830.Micro830.Prog1.MC_MoveVelocity_2.Execute	
Controller.Micro830.Micro830.Prog1.MC_MoveVelocity_2.InVelocity	
Controller.Micro830.Micro830.Prog1.MC_MoveVelocity_2.Jerk	
Controller.Micro830.Micro830.Prog1.MC_MoveVelocity_2.Velocity	
Controller.Micro830.Micro830.Prog1.MC_Power_1.__DTI_AxisIn	
Controller.Micro830.Micro830.Prog1.MC_Power_1.Active	
Controller.Micro830.Micro830.Prog1.MC_Power_1.Axis.AccelFlag	
Controller.Micro830.Micro830.Prog1.MC_Power_1.Axis.AxisHomed	
Controller.Micro830.Micro830.Prog1.MC_Power_1.Axis.AxisNo	
Controller.Micro830.Micro830.Prog1.MC_Power_1.Axis.AxisState	
Controller.Micro830.Micro830.Prog1.MC_Power_1.Axis.CommandPos	
Controller.Micro830.Micro830.Prog1.MC_Power_1.Axis.CommandVel	
Controller.Micro830.Micro830.Prog1.MC_Power_1.Axis.ConstVel	
Controller.Micro830.Micro830.Prog1.MC_Power_1.Axis.DecelFlag	
Controller.Micro830.Micro830.Prog1.MC_Power_1.Axis.ErrorFlag	
Controller.Micro830.Micro830.Prog1.MC_Power_1.Axis.ErrorID	
Controller.Micro830.Micro830.Prog1.MC_Power_1.Axis.ExtraData	
Controller.Micro830.Micro830.Prog1.MC_Power_1.Axis.TargetPos	
Controller.Micro830.Micro830.Prog1.MC_Power_1.Axis.TargetVel	
Controller.Micro830.Micro830.Prog1.MC_Power_1.AxisIn	
Controller.Micro830.Micro830.Prog1.MC_Power_1.AxisSaved.AccelFlag	
Controller.Micro830.Micro830.Prog1.MC_Power_1.AxisSaved.AxisHomed	
Controller.Micro830.Micro830.Prog1.MC_Power_1.AxisSaved.AxisNo	
Controller.Micro830.Micro830.Prog1.MC_Power_1.AxisSaved.AxisState	
Controller.Micro830.Micro830.Prog1.MC_Power_1.AxisSaved.CommandPos	
Controller.Micro830.Micro830.Prog1.MC_Power_1.AxisSaved.CommandVel	
Controller.Micro830.Micro830.Prog1.MC_Power_1.AxisSaved.ConstVel	
Controller.Micro830.Micro830.Prog1.MC_Power_1.AxisSaved.DecelFlag	
Controller.Micro830.Micro830.Prog1.MC_Power_1.AxisSaved.ErrorFlag	
Controller.Micro830.Micro830.Prog1.MC_Power_1.AxisSaved.ErrorID	
Controller.Micro830.Micro830.Prog1.MC_Power_1.AxisSaved.ExtraData	
Controller.Micro830.Micro830.Prog1.MC_Power_1.AxisSaved.TargetPos	
Controller.Micro830.Micro830.Prog1.MC_Power_1.AxisSaved.TargetVel	
Controller.Micro830.Micro830.Prog1.MC_Power_1.Busy	
Controller.Micro830.Micro830.Prog1.MC_Power_1.Enable	
Controller.Micro830.Micro830.Prog1.MC_Power_1.Enable_Negative	
Controller.Micro830.Micro830.Prog1.MC_Power_1.Enable_Positive	
Controller.Micro830.Micro830.Prog1.MC_Power_1.Error	
Controller.Micro830.Micro830.Prog1.MC_Power_1.ErrorID	
Controller.Micro830.Micro830.Prog1.MC_Power_1.ExecEdge	
Controller.Micro830.Micro830.Prog1.MC_Power_1.Status	
Controller.Micro830.Micro830.Prog1.MC_Power_2.__DTI_AxisIn	
Controller.Micro830.Micro830.Prog1.MC_Power_2.Active	
Controller.Micro830.Micro830.Prog1.MC_Power_2.Axis.AccelFlag	
Controller.Micro830.Micro830.Prog1.MC_Power_2.Axis.AxisHomed	
Controller.Micro830.Micro830.Prog1.MC_Power_2.Axis.AxisNo	
Controller.Micro830.Micro830.Prog1.MC_Power_2.Axis.AxisState	
Controller.Micro830.Micro830.Prog1.MC_Power_2.Axis.CommandPos	
Controller.Micro830.Micro830.Prog1.MC_Power_2.Axis.CommandVel	
Controller.Micro830.Micro830.Prog1.MC_Power_2.Axis.ConstVel	
Controller.Micro830.Micro830.Prog1.MC_Power_2.Axis.DecelFlag	
Controller.Micro830.Micro830.Prog1.MC_Power_2.Axis.ErrorFlag	
Controller.Micro830.Micro830.Prog1.MC_Power_2.Axis.ErrorID	
Controller.Micro830.Micro830.Prog1.MC_Power_2.Axis.ExtraData	
Controller.Micro830.Micro830.Prog1.MC_Power_2.Axis.TargetPos	
Controller.Micro830.Micro830.Prog1.MC_Power_2.Axis.TargetVel	
Controller.Micro830.Micro830.Prog1.MC_Power_2.AxisIn	
Controller.Micro830.Micro830.Prog1.MC_Power_2.AxisSaved.AccelFlag	
Controller.Micro830.Micro830.Prog1.MC_Power_2.AxisSaved.AxisHomed	
Controller.Micro830.Micro830.Prog1.MC_Power_2.AxisSaved.AxisNo	
Controller.Micro830.Micro830.Prog1.MC_Power_2.AxisSaved.AxisState	
Controller.Micro830.Micro830.Prog1.MC_Power_2.AxisSaved.CommandPos	
Controller.Micro830.Micro830.Prog1.MC_Power_2.AxisSaved.CommandVel	
Controller.Micro830.Micro830.Prog1.MC_Power_2.AxisSaved.ConstVel	
Controller.Micro830.Micro830.Prog1.MC_Power_2.AxisSaved.DecelFlag	
Controller.Micro830.Micro830.Prog1.MC_Power_2.AxisSaved.ErrorFlag	
Controller.Micro830.Micro830.Prog1.MC_Power_2.AxisSaved.ErrorID	
Controller.Micro830.Micro830.Prog1.MC_Power_2.AxisSaved.ExtraData	
Controller.Micro830.Micro830.Prog1.MC_Power_2.AxisSaved.TargetPos	
Controller.Micro830.Micro830.Prog1.MC_Power_2.AxisSaved.TargetVel	
Controller.Micro830.Micro830.Prog1.MC_Power_2.Busy	
Controller.Micro830.Micro830.Prog1.MC_Power_2.Enable	
Controller.Micro830.Micro830.Prog1.MC_Power_2.Enable_Negative	
Controller.Micro830.Micro830.Prog1.MC_Power_2.Enable_Positive	
Controller.Micro830.Micro830.Prog1.MC_Power_2.Error	
Controller.Micro830.Micro830.Prog1.MC_Power_2.ErrorID	
Controller.Micro830.Micro830.Prog1.MC_Power_2.ExecEdge	
Controller.Micro830.Micro830.Prog1.MC_Power_2.Status	
Controller.Micro830.Micro830.Prog1.MC_PowerEN	
Controller.Micro830.Micro830.Prog1.MC_Reset_1.__DTI_AxisIn	
Controller.Micro830.Micro830.Prog1.MC_Reset_1.Axis.AccelFlag	
Controller.Micro830.Micro830.Prog1.MC_Reset_1.Axis.AxisHomed	
Controller.Micro830.Micro830.Prog1.MC_Reset_1.Axis.AxisNo	
Controller.Micro830.Micro830.Prog1.MC_Reset_1.Axis.AxisState	
Controller.Micro830.Micro830.Prog1.MC_Reset_1.Axis.CommandPos	
Controller.Micro830.Micro830.Prog1.MC_Reset_1.Axis.CommandVel	
Controller.Micro830.Micro830.Prog1.MC_Reset_1.Axis.ConstVel	
Controller.Micro830.Micro830.Prog1.MC_Reset_1.Axis.DecelFlag	
Controller.Micro830.Micro830.Prog1.MC_Reset_1.Axis.ErrorFlag	
Controller.Micro830.Micro830.Prog1.MC_Reset_1.Axis.ErrorID	
Controller.Micro830.Micro830.Prog1.MC_Reset_1.Axis.ExtraData	
Controller.Micro830.Micro830.Prog1.MC_Reset_1.Axis.TargetPos	
Controller.Micro830.Micro830.Prog1.MC_Reset_1.Axis.TargetVel	
Controller.Micro830.Micro830.Prog1.MC_Reset_1.AxisIn	
Controller.Micro830.Micro830.Prog1.MC_Reset_1.AxisSaved.AccelFlag	
Controller.Micro830.Micro830.Prog1.MC_Reset_1.AxisSaved.AxisHomed	
Controller.Micro830.Micro830.Prog1.MC_Reset_1.AxisSaved.AxisNo	
Controller.Micro830.Micro830.Prog1.MC_Reset_1.AxisSaved.AxisState	
Controller.Micro830.Micro830.Prog1.MC_Reset_1.AxisSaved.CommandPos	
Controller.Micro830.Micro830.Prog1.MC_Reset_1.AxisSaved.CommandVel	
Controller.Micro830.Micro830.Prog1.MC_Reset_1.AxisSaved.ConstVel	
Controller.Micro830.Micro830.Prog1.MC_Reset_1.AxisSaved.DecelFlag	
Controller.Micro830.Micro830.Prog1.MC_Reset_1.AxisSaved.ErrorFlag	
Controller.Micro830.Micro830.Prog1.MC_Reset_1.AxisSaved.ErrorID	
Controller.Micro830.Micro830.Prog1.MC_Reset_1.AxisSaved.ExtraData	
Controller.Micro830.Micro830.Prog1.MC_Reset_1.AxisSaved.TargetPos	
Controller.Micro830.Micro830.Prog1.MC_Reset_1.AxisSaved.TargetVel	
Controller.Micro830.Micro830.Prog1.MC_Reset_1.Busy	
Controller.Micro830.Micro830.Prog1.MC_Reset_1.Done	
Controller.Micro830.Micro830.Prog1.MC_Reset_1.Error	
Controller.Micro830.Micro830.Prog1.MC_Reset_1.ErrorID	
Controller.Micro830.Micro830.Prog1.MC_Reset_1.ExecEdge	
Controller.Micro830.Micro830.Prog1.MC_Reset_1.Execute	
Controller.Micro830.Micro830.Prog1.MC_Reset_2.__DTI_AxisIn	
Controller.Micro830.Micro830.Prog1.MC_Reset_2.Axis.AccelFlag	
Controller.Micro830.Micro830.Prog1.MC_Reset_2.Axis.AxisHomed	
Controller.Micro830.Micro830.Prog1.MC_Reset_2.Axis.AxisNo	
Controller.Micro830.Micro830.Prog1.MC_Reset_2.Axis.AxisState	
Controller.Micro830.Micro830.Prog1.MC_Reset_2.Axis.CommandPos	
Controller.Micro830.Micro830.Prog1.MC_Reset_2.Axis.CommandVel	
Controller.Micro830.Micro830.Prog1.MC_Reset_2.Axis.ConstVel	
Controller.Micro830.Micro830.Prog1.MC_Reset_2.Axis.DecelFlag	
Controller.Micro830.Micro830.Prog1.MC_Reset_2.Axis.ErrorFlag	
Controller.Micro830.Micro830.Prog1.MC_Reset_2.Axis.ErrorID	
Controller.Micro830.Micro830.Prog1.MC_Reset_2.Axis.ExtraData	
Controller.Micro830.Micro830.Prog1.MC_Reset_2.Axis.TargetPos	
Controller.Micro830.Micro830.Prog1.MC_Reset_2.Axis.TargetVel	
Controller.Micro830.Micro830.Prog1.MC_Reset_2.AxisIn	
Controller.Micro830.Micro830.Prog1.MC_Reset_2.AxisSaved.AccelFlag	
Controller.Micro830.Micro830.Prog1.MC_Reset_2.AxisSaved.AxisHomed	
Controller.Micro830.Micro830.Prog1.MC_Reset_2.AxisSaved.AxisNo	
Controller.Micro830.Micro830.Prog1.MC_Reset_2.AxisSaved.AxisState	
Controller.Micro830.Micro830.Prog1.MC_Reset_2.AxisSaved.CommandPos	
Controller.Micro830.Micro830.Prog1.MC_Reset_2.AxisSaved.CommandVel	
Controller.Micro830.Micro830.Prog1.MC_Reset_2.AxisSaved.ConstVel	
Controller.Micro830.Micro830.Prog1.MC_Reset_2.AxisSaved.DecelFlag	
Controller.Micro830.Micro830.Prog1.MC_Reset_2.AxisSaved.ErrorFlag	
Controller.Micro830.Micro830.Prog1.MC_Reset_2.AxisSaved.ErrorID	
Controller.Micro830.Micro830.Prog1.MC_Reset_2.AxisSaved.ExtraData	
Controller.Micro830.Micro830.Prog1.MC_Reset_2.AxisSaved.TargetPos	
Controller.Micro830.Micro830.Prog1.MC_Reset_2.AxisSaved.TargetVel	
Controller.Micro830.Micro830.Prog1.MC_Reset_2.Busy	
Controller.Micro830.Micro830.Prog1.MC_Reset_2.Done	
Controller.Micro830.Micro830.Prog1.MC_Reset_2.Error	
Controller.Micro830.Micro830.Prog1.MC_Reset_2.ErrorID	
Controller.Micro830.Micro830.Prog1.MC_Reset_2.ExecEdge	
Controller.Micro830.Micro830.Prog1.MC_Reset_2.Execute	
Controller.Micro830.Micro830.Prog1.MC_Stop_1.Active	
Controller.Micro830.Micro830.Prog1.MC_Stop_1.Axis.AccelFlag	
Controller.Micro830.Micro830.Prog1.MC_Stop_1.Axis.AxisHomed	
Controller.Micro830.Micro830.Prog1.MC_Stop_1.Axis.AxisNo	
Controller.Micro830.Micro830.Prog1.MC_Stop_1.Axis.AxisState	
Controller.Micro830.Micro830.Prog1.MC_Stop_1.Axis.CommandPos	
Controller.Micro830.Micro830.Prog1.MC_Stop_1.Axis.CommandVel	
Controller.Micro830.Micro830.Prog1.MC_Stop_1.Axis.ConstVel	
Controller.Micro830.Micro830.Prog1.MC_Stop_1.Axis.DecelFlag	
Controller.Micro830.Micro830.Prog1.MC_Stop_1.Axis.ErrorFlag	
Controller.Micro830.Micro830.Prog1.MC_Stop_1.Axis.ErrorID	
Controller.Micro830.Micro830.Prog1.MC_Stop_1.Axis.ExtraData	
Controller.Micro830.Micro830.Prog1.MC_Stop_1.Axis.TargetPos	
Controller.Micro830.Micro830.Prog1.MC_Stop_1.Axis.TargetVel	
Controller.Micro830.Micro830.Prog1.MC_Stop_1.AxisIn.AccelFlag	
Controller.Micro830.Micro830.Prog1.MC_Stop_1.AxisIn.AxisHomed	
Controller.Micro830.Micro830.Prog1.MC_Stop_1.AxisIn.AxisNo	
Controller.Micro830.Micro830.Prog1.MC_Stop_1.AxisIn.AxisState	
Controller.Micro830.Micro830.Prog1.MC_Stop_1.AxisIn.CommandPos	
Controller.Micro830.Micro830.Prog1.MC_Stop_1.AxisIn.CommandVel	
Controller.Micro830.Micro830.Prog1.MC_Stop_1.AxisIn.ConstVel	
Controller.Micro830.Micro830.Prog1.MC_Stop_1.AxisIn.DecelFlag	
Controller.Micro830.Micro830.Prog1.MC_Stop_1.AxisIn.ErrorFlag	
Controller.Micro830.Micro830.Prog1.MC_Stop_1.AxisIn.ErrorID	
Controller.Micro830.Micro830.Prog1.MC_Stop_1.AxisIn.ExtraData	
Controller.Micro830.Micro830.Prog1.MC_Stop_1.AxisIn.TargetPos	
Controller.Micro830.Micro830.Prog1.MC_Stop_1.AxisIn.TargetVel	
Controller.Micro830.Micro830.Prog1.MC_Stop_1.AxisSaved.AccelFlag	
Controller.Micro830.Micro830.Prog1.MC_Stop_1.AxisSaved.AxisHomed	
Controller.Micro830.Micro830.Prog1.MC_Stop_1.AxisSaved.AxisNo	
Controller.Micro830.Micro830.Prog1.MC_Stop_1.AxisSaved.AxisState	
Controller.Micro830.Micro830.Prog1.MC_Stop_1.AxisSaved.CommandPos	
Controller.Micro830.Micro830.Prog1.MC_Stop_1.AxisSaved.CommandVel	
Controller.Micro830.Micro830.Prog1.MC_Stop_1.AxisSaved.ConstVel	
Controller.Micro830.Micro830.Prog1.MC_Stop_1.AxisSaved.DecelFlag	
Controller.Micro830.Micro830.Prog1.MC_Stop_1.AxisSaved.ErrorFlag	
Controller.Micro830.Micro830.Prog1.MC_Stop_1.AxisSaved.ErrorID	
Controller.Micro830.Micro830.Prog1.MC_Stop_1.AxisSaved.ExtraData	
Controller.Micro830.Micro830.Prog1.MC_Stop_1.AxisSaved.TargetPos	
Controller.Micro830.Micro830.Prog1.MC_Stop_1.AxisSaved.TargetVel	
Controller.Micro830.Micro830.Prog1.MC_Stop_1.Busy	
Controller.Micro830.Micro830.Prog1.MC_Stop_1.CommandAborted	
Controller.Micro830.Micro830.Prog1.MC_Stop_1.Deceleration	
Controller.Micro830.Micro830.Prog1.MC_Stop_1.Done	
Controller.Micro830.Micro830.Prog1.MC_Stop_1.Error	
Controller.Micro830.Micro830.Prog1.MC_Stop_1.ErrorID	
Controller.Micro830.Micro830.Prog1.MC_Stop_1.ExecEdge	
Controller.Micro830.Micro830.Prog1.MC_Stop_1.Execute	
Controller.Micro830.Micro830.Prog1.MC_Stop_1.Jerk	
Controller.Micro830.Micro830.Prog1.MC_Stop_2.Active	
Controller.Micro830.Micro830.Prog1.MC_Stop_2.Axis.AccelFlag	
Controller.Micro830.Micro830.Prog1.MC_Stop_2.Axis.AxisHomed	
Controller.Micro830.Micro830.Prog1.MC_Stop_2.Axis.AxisNo	
Controller.Micro830.Micro830.Prog1.MC_Stop_2.Axis.AxisState	
Controller.Micro830.Micro830.Prog1.MC_Stop_2.Axis.CommandPos	
Controller.Micro830.Micro830.Prog1.MC_Stop_2.Axis.CommandVel	
Controller.Micro830.Micro830.Prog1.MC_Stop_2.Axis.ConstVel	
Controller.Micro830.Micro830.Prog1.MC_Stop_2.Axis.DecelFlag	
Controller.Micro830.Micro830.Prog1.MC_Stop_2.Axis.ErrorFlag	
Controller.Micro830.Micro830.Prog1.MC_Stop_2.Axis.ErrorID	
Controller.Micro830.Micro830.Prog1.MC_Stop_2.Axis.ExtraData	
Controller.Micro830.Micro830.Prog1.MC_Stop_2.Axis.TargetPos	
Controller.Micro830.Micro830.Prog1.MC_Stop_2.Axis.TargetVel	
Controller.Micro830.Micro830.Prog1.MC_Stop_2.AxisIn.AccelFlag	
Controller.Micro830.Micro830.Prog1.MC_Stop_2.AxisIn.AxisHomed	
Controller.Micro830.Micro830.Prog1.MC_Stop_2.AxisIn.AxisNo	
Controller.Micro830.Micro830.Prog1.MC_Stop_2.AxisIn.AxisState	
Controller.Micro830.Micro830.Prog1.MC_Stop_2.AxisIn.CommandPos	
Controller.Micro830.Micro830.Prog1.MC_Stop_2.AxisIn.CommandVel	
Controller.Micro830.Micro830.Prog1.MC_Stop_2.AxisIn.ConstVel	
Controller.Micro830.Micro830.Prog1.MC_Stop_2.AxisIn.DecelFlag	
Controller.Micro830.Micro830.Prog1.MC_Stop_2.AxisIn.ErrorFlag	
Controller.Micro830.Micro830.Prog1.MC_Stop_2.AxisIn.ErrorID	
Controller.Micro830.Micro830.Prog1.MC_Stop_2.AxisIn.ExtraData	
Controller.Micro830.Micro830.Prog1.MC_Stop_2.AxisIn.TargetPos	
Controller.Micro830.Micro830.Prog1.MC_Stop_2.AxisIn.TargetVel	
Controller.Micro830.Micro830.Prog1.MC_Stop_2.AxisSaved.AccelFlag	
Controller.Micro830.Micro830.Prog1.MC_Stop_2.AxisSaved.AxisHomed	
Controller.Micro830.Micro830.Prog1.MC_Stop_2.AxisSaved.AxisNo	
Controller.Micro830.Micro830.Prog1.MC_Stop_2.AxisSaved.AxisState	
Controller.Micro830.Micro830.Prog1.MC_Stop_2.AxisSaved.CommandPos	
Controller.Micro830.Micro830.Prog1.MC_Stop_2.AxisSaved.CommandVel	
Controller.Micro830.Micro830.Prog1.MC_Stop_2.AxisSaved.ConstVel	
Controller.Micro830.Micro830.Prog1.MC_Stop_2.AxisSaved.DecelFlag	
Controller.Micro830.Micro830.Prog1.MC_Stop_2.AxisSaved.ErrorFlag	
Controller.Micro830.Micro830.Prog1.MC_Stop_2.AxisSaved.ErrorID	
Controller.Micro830.Micro830.Prog1.MC_Stop_2.AxisSaved.ExtraData	
Controller.Micro830.Micro830.Prog1.MC_Stop_2.AxisSaved.TargetPos	
Controller.Micro830.Micro830.Prog1.MC_Stop_2.AxisSaved.TargetVel	
Controller.Micro830.Micro830.Prog1.MC_Stop_2.Busy	
Controller.Micro830.Micro830.Prog1.MC_Stop_2.CommandAborted	
Controller.Micro830.Micro830.Prog1.MC_Stop_2.Deceleration	
Controller.Micro830.Micro830.Prog1.MC_Stop_2.Done	
Controller.Micro830.Micro830.Prog1.MC_Stop_2.Error	
Controller.Micro830.Micro830.Prog1.MC_Stop_2.ErrorID	
Controller.Micro830.Micro830.Prog1.MC_Stop_2.ExecEdge	
Controller.Micro830.Micro830.Prog1.MC_Stop_2.Execute	
Controller.Micro830.Micro830.Prog1.MC_Stop_2.Jerk	
Controller.Micro830.Micro830.Prog1.mcp_ena	
Controller.Micro830.Micro830.Prog1.mcp_ensPos	
Controller.Micro830.Micro830.Prog1.mcp_status	
Controller.Micro830.Micro830.Prog1.mcr_busy	
Controller.Micro830.Micro830.Prog1.mcr_done	
Controller.Micro830.Micro830.Prog1.mcr_errTd	
Controller.Micro830.Micro830.Prog1.mcv_accl	
Controller.Micro830.Micro830.Prog1.mcv_buffMode	
Controller.Micro830.Micro830.Prog1.mcv_deccl	
Controller.Micro830.Micro830.Prog1.mcv_dir	
Controller.Micro830.Micro830.Prog1.mcv_jerk	
Controller.Micro830.Micro830.Prog1.mcv_velo	
Controller.Micro830.Micro830.Prog1.MovVel	
Controller.Micro830.Micro830.Prog1.Reset	
Controller.Micro830.Micro830.Prog1.Stop	
Controller.Micro830.Micro830.Prog1_Copy_1.b_start	
Controller.Micro830.Micro830.Prog1_Copy_1.b_start_r	
Controller.Micro830.Micro830.Prog1_Copy_1.JerkD	
Controller.Micro830.Micro830.Prog1_Copy_1.mc_error	
Controller.Micro830.Micro830.Prog1_Copy_1.MC_MoveVelocity_1.Acceleration	
Controller.Micro830.Micro830.Prog1_Copy_1.MC_MoveVelocity_1.Active	
Controller.Micro830.Micro830.Prog1_Copy_1.MC_MoveVelocity_1.Axis.AccelFlag	
Controller.Micro830.Micro830.Prog1_Copy_1.MC_MoveVelocity_1.Axis.AxisHomed	
Controller.Micro830.Micro830.Prog1_Copy_1.MC_MoveVelocity_1.Axis.AxisNo	
Controller.Micro830.Micro830.Prog1_Copy_1.MC_MoveVelocity_1.Axis.AxisState	
Controller.Micro830.Micro830.Prog1_Copy_1.MC_MoveVelocity_1.Axis.CommandPos	
Controller.Micro830.Micro830.Prog1_Copy_1.MC_MoveVelocity_1.Axis.CommandVel	
Controller.Micro830.Micro830.Prog1_Copy_1.MC_MoveVelocity_1.Axis.ConstVel	
Controller.Micro830.Micro830.Prog1_Copy_1.MC_MoveVelocity_1.Axis.DecelFlag	
Controller.Micro830.Micro830.Prog1_Copy_1.MC_MoveVelocity_1.Axis.ErrorFlag	
Controller.Micro830.Micro830.Prog1_Copy_1.MC_MoveVelocity_1.Axis.ErrorID	
Controller.Micro830.Micro830.Prog1_Copy_1.MC_MoveVelocity_1.Axis.ExtraData	
Controller.Micro830.Micro830.Prog1_Copy_1.MC_MoveVelocity_1.Axis.TargetPos	
Controller.Micro830.Micro830.Prog1_Copy_1.MC_MoveVelocity_1.Axis.TargetVel	
Controller.Micro830.Micro830.Prog1_Copy_1.MC_MoveVelocity_1.AxisIn.AccelFlag	
Controller.Micro830.Micro830.Prog1_Copy_1.MC_MoveVelocity_1.AxisIn.AxisHomed	
Controller.Micro830.Micro830.Prog1_Copy_1.MC_MoveVelocity_1.AxisIn.AxisNo	
Controller.Micro830.Micro830.Prog1_Copy_1.MC_MoveVelocity_1.AxisIn.AxisState	
Controller.Micro830.Micro830.Prog1_Copy_1.MC_MoveVelocity_1.AxisIn.CommandPos	
Controller.Micro830.Micro830.Prog1_Copy_1.MC_MoveVelocity_1.AxisIn.CommandVel	
Controller.Micro830.Micro830.Prog1_Copy_1.MC_MoveVelocity_1.AxisIn.ConstVel	
Controller.Micro830.Micro830.Prog1_Copy_1.MC_MoveVelocity_1.AxisIn.DecelFlag	
Controller.Micro830.Micro830.Prog1_Copy_1.MC_MoveVelocity_1.AxisIn.ErrorFlag	
Controller.Micro830.Micro830.Prog1_Copy_1.MC_MoveVelocity_1.AxisIn.ErrorID	
Controller.Micro830.Micro830.Prog1_Copy_1.MC_MoveVelocity_1.AxisIn.ExtraData	
Controller.Micro830.Micro830.Prog1_Copy_1.MC_MoveVelocity_1.AxisIn.TargetPos	
Controller.Micro830.Micro830.Prog1_Copy_1.MC_MoveVelocity_1.AxisIn.TargetVel	
Controller.Micro830.Micro830.Prog1_Copy_1.MC_MoveVelocity_1.AxisSaved.AccelFlag	
Controller.Micro830.Micro830.Prog1_Copy_1.MC_MoveVelocity_1.AxisSaved.AxisHomed	
Controller.Micro830.Micro830.Prog1_Copy_1.MC_MoveVelocity_1.AxisSaved.AxisNo	
Controller.Micro830.Micro830.Prog1_Copy_1.MC_MoveVelocity_1.AxisSaved.AxisState	
Controller.Micro830.Micro830.Prog1_Copy_1.MC_MoveVelocity_1.AxisSaved.CommandPos	
Controller.Micro830.Micro830.Prog1_Copy_1.MC_MoveVelocity_1.AxisSaved.CommandVel	
Controller.Micro830.Micro830.Prog1_Copy_1.MC_MoveVelocity_1.AxisSaved.ConstVel	
Controller.Micro830.Micro830.Prog1_Copy_1.MC_MoveVelocity_1.AxisSaved.DecelFlag	
Controller.Micro830.Micro830.Prog1_Copy_1.MC_MoveVelocity_1.AxisSaved.ErrorFlag	
Controller.Micro830.Micro830.Prog1_Copy_1.MC_MoveVelocity_1.AxisSaved.ErrorID	
Controller.Micro830.Micro830.Prog1_Copy_1.MC_MoveVelocity_1.AxisSaved.ExtraData	
Controller.Micro830.Micro830.Prog1_Copy_1.MC_MoveVelocity_1.AxisSaved.TargetPos	
Controller.Micro830.Micro830.Prog1_Copy_1.MC_MoveVelocity_1.AxisSaved.TargetVel	
Controller.Micro830.Micro830.Prog1_Copy_1.MC_MoveVelocity_1.BufferMode	
Controller.Micro830.Micro830.Prog1_Copy_1.MC_MoveVelocity_1.Busy	
Controller.Micro830.Micro830.Prog1_Copy_1.MC_MoveVelocity_1.CommandAborted	
Controller.Micro830.Micro830.Prog1_Copy_1.MC_MoveVelocity_1.Deceleration	
Controller.Micro830.Micro830.Prog1_Copy_1.MC_MoveVelocity_1.Direction	
Controller.Micro830.Micro830.Prog1_Copy_1.MC_MoveVelocity_1.DirectionIn	
Controller.Micro830.Micro830.Prog1_Copy_1.MC_MoveVelocity_1.Error	
Controller.Micro830.Micro830.Prog1_Copy_1.MC_MoveVelocity_1.ErrorID	
Controller.Micro830.Micro830.Prog1_Copy_1.MC_MoveVelocity_1.ExecEdge	
Controller.Micro830.Micro830.Prog1_Copy_1.MC_MoveVelocity_1.Execute	
Controller.Micro830.Micro830.Prog1_Copy_1.MC_MoveVelocity_1.InVelocity	
Controller.Micro830.Micro830.Prog1_Copy_1.MC_MoveVelocity_1.Jerk	
Controller.Micro830.Micro830.Prog1_Copy_1.MC_MoveVelocity_1.Velocity	
Controller.Micro830.Micro830.Prog1_Copy_1.MC_MoveVelocity_2.Acceleration	
Controller.Micro830.Micro830.Prog1_Copy_1.MC_MoveVelocity_2.Active	
Controller.Micro830.Micro830.Prog1_Copy_1.MC_MoveVelocity_2.Axis.AccelFlag	
Controller.Micro830.Micro830.Prog1_Copy_1.MC_MoveVelocity_2.Axis.AxisHomed	
Controller.Micro830.Micro830.Prog1_Copy_1.MC_MoveVelocity_2.Axis.AxisNo	
Controller.Micro830.Micro830.Prog1_Copy_1.MC_MoveVelocity_2.Axis.AxisState	
Controller.Micro830.Micro830.Prog1_Copy_1.MC_MoveVelocity_2.Axis.CommandPos	
Controller.Micro830.Micro830.Prog1_Copy_1.MC_MoveVelocity_2.Axis.CommandVel	
Controller.Micro830.Micro830.Prog1_Copy_1.MC_MoveVelocity_2.Axis.ConstVel	
Controller.Micro830.Micro830.Prog1_Copy_1.MC_MoveVelocity_2.Axis.DecelFlag	
Controller.Micro830.Micro830.Prog1_Copy_1.MC_MoveVelocity_2.Axis.ErrorFlag	
Controller.Micro830.Micro830.Prog1_Copy_1.MC_MoveVelocity_2.Axis.ErrorID	
Controller.Micro830.Micro830.Prog1_Copy_1.MC_MoveVelocity_2.Axis.ExtraData	
Controller.Micro830.Micro830.Prog1_Copy_1.MC_MoveVelocity_2.Axis.TargetPos	
Controller.Micro830.Micro830.Prog1_Copy_1.MC_MoveVelocity_2.Axis.TargetVel	
Controller.Micro830.Micro830.Prog1_Copy_1.MC_MoveVelocity_2.AxisIn.AccelFlag	
Controller.Micro830.Micro830.Prog1_Copy_1.MC_MoveVelocity_2.AxisIn.AxisHomed	
Controller.Micro830.Micro830.Prog1_Copy_1.MC_MoveVelocity_2.AxisIn.AxisNo	
Controller.Micro830.Micro830.Prog1_Copy_1.MC_MoveVelocity_2.AxisIn.AxisState	
Controller.Micro830.Micro830.Prog1_Copy_1.MC_MoveVelocity_2.AxisIn.CommandPos	
Controller.Micro830.Micro830.Prog1_Copy_1.MC_MoveVelocity_2.AxisIn.CommandVel	
Controller.Micro830.Micro830.Prog1_Copy_1.MC_MoveVelocity_2.AxisIn.ConstVel	
Controller.Micro830.Micro830.Prog1_Copy_1.MC_MoveVelocity_2.AxisIn.DecelFlag	
Controller.Micro830.Micro830.Prog1_Copy_1.MC_MoveVelocity_2.AxisIn.ErrorFlag	
Controller.Micro830.Micro830.Prog1_Copy_1.MC_MoveVelocity_2.AxisIn.ErrorID	
Controller.Micro830.Micro830.Prog1_Copy_1.MC_MoveVelocity_2.AxisIn.ExtraData	
Controller.Micro830.Micro830.Prog1_Copy_1.MC_MoveVelocity_2.AxisIn.TargetPos	
Controller.Micro830.Micro830.Prog1_Copy_1.MC_MoveVelocity_2.AxisIn.TargetVel	
Controller.Micro830.Micro830.Prog1_Copy_1.MC_MoveVelocity_2.AxisSaved.AccelFlag	
Controller.Micro830.Micro830.Prog1_Copy_1.MC_MoveVelocity_2.AxisSaved.AxisHomed	
Controller.Micro830.Micro830.Prog1_Copy_1.MC_MoveVelocity_2.AxisSaved.AxisNo	
Controller.Micro830.Micro830.Prog1_Copy_1.MC_MoveVelocity_2.AxisSaved.AxisState	
Controller.Micro830.Micro830.Prog1_Copy_1.MC_MoveVelocity_2.AxisSaved.CommandPos	
Controller.Micro830.Micro830.Prog1_Copy_1.MC_MoveVelocity_2.AxisSaved.CommandVel	
Controller.Micro830.Micro830.Prog1_Copy_1.MC_MoveVelocity_2.AxisSaved.ConstVel	
Controller.Micro830.Micro830.Prog1_Copy_1.MC_MoveVelocity_2.AxisSaved.DecelFlag	
Controller.Micro830.Micro830.Prog1_Copy_1.MC_MoveVelocity_2.AxisSaved.ErrorFlag	
Controller.Micro830.Micro830.Prog1_Copy_1.MC_MoveVelocity_2.AxisSaved.ErrorID	
Controller.Micro830.Micro830.Prog1_Copy_1.MC_MoveVelocity_2.AxisSaved.ExtraData	
Controller.Micro830.Micro830.Prog1_Copy_1.MC_MoveVelocity_2.AxisSaved.TargetPos	
Controller.Micro830.Micro830.Prog1_Copy_1.MC_MoveVelocity_2.AxisSaved.TargetVel	
Controller.Micro830.Micro830.Prog1_Copy_1.MC_MoveVelocity_2.BufferMode	
Controller.Micro830.Micro830.Prog1_Copy_1.MC_MoveVelocity_2.Busy	
Controller.Micro830.Micro830.Prog1_Copy_1.MC_MoveVelocity_2.CommandAborted	
Controller.Micro830.Micro830.Prog1_Copy_1.MC_MoveVelocity_2.Deceleration	
Controller.Micro830.Micro830.Prog1_Copy_1.MC_MoveVelocity_2.Direction	
Controller.Micro830.Micro830.Prog1_Copy_1.MC_MoveVelocity_2.DirectionIn	
Controller.Micro830.Micro830.Prog1_Copy_1.MC_MoveVelocity_2.Error	
Controller.Micro830.Micro830.Prog1_Copy_1.MC_MoveVelocity_2.ErrorID	
Controller.Micro830.Micro830.Prog1_Copy_1.MC_MoveVelocity_2.ExecEdge	
Controller.Micro830.Micro830.Prog1_Copy_1.MC_MoveVelocity_2.Execute	
Controller.Micro830.Micro830.Prog1_Copy_1.MC_MoveVelocity_2.InVelocity	
Controller.Micro830.Micro830.Prog1_Copy_1.MC_MoveVelocity_2.Jerk	
Controller.Micro830.Micro830.Prog1_Copy_1.MC_MoveVelocity_2.Velocity	
Controller.Micro830.Micro830.Prog1_Copy_1.MC_PowerEN	
Controller.Micro830.Micro830.Prog1_Copy_1.mcp_ena	
Controller.Micro830.Micro830.Prog1_Copy_1.mcp_ensPos	
Controller.Micro830.Micro830.Prog1_Copy_1.mcp_status	
Controller.Micro830.Micro830.Prog1_Copy_1.mcr_busy	
Controller.Micro830.Micro830.Prog1_Copy_1.mcr_done	
Controller.Micro830.Micro830.Prog1_Copy_1.mcr_errTd	
Controller.Micro830.Micro830.Prog1_Copy_1.mcv_accl	
Controller.Micro830.Micro830.Prog1_Copy_1.mcv_buffMode	
Controller.Micro830.Micro830.Prog1_Copy_1.mcv_deccl	
Controller.Micro830.Micro830.Prog1_Copy_1.mcv_dir	
Controller.Micro830.Micro830.Prog1_Copy_1.mcv_jerk	
Controller.Micro830.Micro830.Prog1_Copy_1.mcv_velo	
Controller.Micro830.Micro830.Prog1_Copy_1.MovVel	
Controller.Micro830.Micro830.Prog1_Copy_1.Reset	
Controller.Micro830.Micro830.Prog1_Copy_1.Stop	
